loan_amnt,int_rate,annual_inc,dti,emp_length,open_acc,revol_util,pub_rec,delinq_2yrs,loan_status
12800.0,12.59,103000.0,14.8,10,8.0,22.4,1.0,1.0,0
35000.0,11.53,125000.0,11.53,1,16.0,39.5,0.0,0.0,0
24000.0,7.89,100000.0,0.9,4,4.0,7.0,0.0,0.0,0
23975.0,14.65,75000.0,18.85,10,14.0,60.6,0.0,0.0,0
12000.0,10.99,65000.0,13.2,5,9.0,14.9,0.0,1.0,0
18000.0,10.99,68000.0,22.17,0,20.0,39.3,1.0,0.0,0
20000.0,10.99,85000.0,20.82,10,11.0,60.0,0.0,0.0,0
14000.0,10.99,44000.0,17.21,2,14.0,57.0,0.0,0.0,0
12000.0,12.59,72000.0,26.62,10,13.0,90.2,0.0,0.0,0
35000.0,15.61,125000.0,21.51,10,37.0,97.1,0.0,0.0,0
12000.0,7.89,105000.0,16.71,10,10.0,28.9,0.0,0.0,0
8000.0,12.29,74000.0,7.69,1,12.0,60.4,0.0,1.0,0
5200.0,11.49,50000.0,18.39,3,10.0,48.1,0.0,1.0,0
6000.0,8.18,46000.0,24.13,10,21.0,32.5,0.0,0.0,0
20700.0,17.86,52000.0,20.61,1,6.0,88.9,0.0,0.0,0
8000.0,17.86,50000.0,12.17,10,16.0,56.3,1.0,0.0,1
8000.0,12.69,71000.0,2.35,5,3.0,20.8,0.0,0.0,1
8850.0,16.99,39520.0,14.39,1,9.0,63.9,0.0,0.0,1
15000.0,6.39,57000.0,32.57,10,12.0,42.1,0.0,0.0,0
12000.0,10.99,48000.0,4.08,5,5.0,61.3,0.0,0.0,0
10000.0,16.55,72000.0,15.58,10,13.0,58.4,0.0,1.0,0
12800.0,5.32,168000.0,14.78,2,17.0,16.9,0.0,0.0,0
20525.0,17.57,59000.0,16.5,10,13.0,22.9,0.0,0.0,0
9000.0,11.99,40000.0,15.15,0,10.0,31.7,1.0,0.0,0
21500.0,19.19,119000.0,14.08,5,21.0,71.1,0.0,0.0,0
4000.0,13.99,57000.0,14.78,10,11.0,34.0,0.0,3.0,1
4800.0,9.99,90000.0,2.52,10,10.0,11.7,0.0,0.0,0
7000.0,12.29,17760.0,29.59,0,4.0,85.3,0.0,0.0,0
24000.0,10.99,63000.0,26.72,10,8.0,64.3,0.0,0.0,0
9000.0,11.22,35000.0,9.5,0,8.0,53.4,0.0,0.0,0
17000.0,7.26,100000.0,16.16,10,7.0,57.0,1.0,1.0,1
1750.0,18.25,64000.0,19.37,3,9.0,80.0,1.0,4.0,1
20000.0,13.44,46500.0,19.59,9,9.0,49.8,1.0,0.0,0
6000.0,7.91,50000.0,19.42,10,8.0,24.0,0.0,0.0,0
6000.0,10.99,80000.0,23.79,10,16.0,60.6,0.0,0.0,0
5000.0,12.69,80000.0,34.14,10,11.0,80.8,0.0,0.0,0
14950.0,13.33,34000.0,30.85,2,17.0,48.0,0.0,0.0,0
35000.0,18.55,100000.0,29.56,3,28.0,71.0,0.0,1.0,0
17000.0,9.17,66000.0,14.35,5,13.0,36.6,1.0,0.0,0
30000.0,18.55,76623.84,39.47,8,18.0,84.8,0.0,0.0,1
4600.0,19.99,32000.0,20.71,10,8.0,72.3,0.0,0.0,0
32000.0,9.99,120000.0,14.81,2,13.0,70.8,0.0,0.0,1
17675.0,22.99,39300.0,37.01,0,17.0,79.0,0.0,0.0,1
15300.0,13.18,65000.0,12.65,9,7.0,99.4,0.0,0.0,1
7000.0,8.18,51000.0,13.44,6,4.0,97.3,0.0,0.0,0
13000.0,13.99,54000.0,24.2,10,9.0,79.6,0.0,0.0,1
2950.0,15.41,42000.0,37.26,10,11.0,53.4,0.0,6.0,0
10000.0,10.64,75000.0,6.45,0,6.0,40.0,0.0,0.0,0
13375.0,16.55,76000.0,14.89,10,9.0,91.6,0.0,0.0,0
5000.0,5.32,54000.0,24.36,10,9.0,43.2,0.0,0.0,0
17000.0,5.32,45000.0,28.62,2,8.0,90.8,0.0,0.0,0
3000.0,11.53,55000.0,29.41,10,15.0,77.8,0.0,0.0,0
7475.0,16.55,17000.0,24.36,10,8.0,70.8,0.0,0.0,0
6000.0,7.89,40000.0,13.17,4,14.0,38.3,0.0,1.0,0
4000.0,14.65,70000.0,15.67,0,3.0,100.4,0.0,0.0,0
3000.0,7.89,48000.0,4.78,0,7.0,31.3,0.0,0.0,0
7200.0,13.18,57000.0,13.81,3,4.0,63.8,0.0,0.0,0
5500.0,9.99,52000.0,37.62,10,15.0,26.8,0.0,0.0,0
15000.0,10.99,64000.0,7.82,10,10.0,86.0,0.0,0.0,1
20000.0,17.57,60000.0,21.7,9,7.0,39.3,0.0,0.0,0
30000.0,13.67,140000.0,13.72,7,12.0,43.4,1.0,0.0,0
16800.0,12.69,60000.0,7.32,7,11.0,59.8,0.0,0.0,1
20000.0,7.89,65000.0,14.57,1,11.0,27.1,0.0,0.0,0
5000.0,9.99,60000.0,5.84,3,10.0,36.1,1.0,1.0,0
25000.0,16.99,77000.0,18.7,9,10.0,89.1,0.0,0.0,1
35000.0,9.17,300000.0,22.44,1,22.0,67.9,0.0,0.0,0
24000.0,10.99,83290.0,12.09,6,13.0,35.7,0.0,1.0,0
10000.0,13.99,50000.0,11.42,0,8.0,11.6,0.0,2.0,0
16000.0,9.17,78000.0,31.06,4,11.0,93.0,0.0,0.0,0
15000.0,17.57,70000.0,9.47,2,7.0,96.1,0.0,0.0,1
30000.0,23.99,150000.0,14.54,10,14.0,27.1,1.0,0.0,0
5000.0,11.53,30000.0,20.36,3,7.0,98.8,0.0,0.0,1
8500.0,13.33,32000.0,10.32,4,15.0,36.2,0.0,0.0,0
30000.0,9.17,89000.0,24.02,10,24.0,57.5,0.0,0.0,0
20000.0,6.24,145000.0,18.31,10,8.0,63.2,0.0,0.0,0
9200.0,12.29,38600.0,9.55,0,5.0,70.6,0.0,0.0,0
24000.0,18.84,80000.0,15.69,6,9.0,90.0,0.0,0.0,1
7350.0,13.33,25000.0,33.46,2,5.0,73.0,1.0,4.0,0
35000.0,16.99,104827.0,16.91,10,23.0,62.8,0.0,0.0,1
9900.0,14.33,41000.0,14.9,8,5.0,86.5,0.0,0.0,1
35000.0,13.33,115575.2,28.53,2,15.0,35.9,0.0,0.0,0
35000.0,14.65,120000.0,20.71,9,14.0,34.5,0.0,0.0,1
8000.0,12.59,30000.0,6.4,1,4.0,59.8,0.0,0.0,1
14000.0,12.29,60000.0,15.52,10,10.0,35.7,0.0,1.0,0
8400.0,12.29,120000.0,17.41,10,9.0,34.5,0.0,1.0,0
18000.0,6.68,139211.0,12.48,10,8.0,47.7,0.0,0.0,0
14000.0,12.59,85000.0,8.75,2,14.0,27.9,0.0,0.0,0
10000.0,15.41,35000.0,10.37,10,6.0,75.6,0.0,0.0,0
35000.0,9.99,150000.0,30.99,3,19.0,3.5,0.0,1.0,1
7300.0,12.29,37000.0,8.63,3,8.0,11.2,0.0,0.0,0
7700.0,17.57,80000.0,23.93,10,9.0,83.4,0.0,0.0,0
24000.0,12.69,65000.0,20.14,1,8.0,89.5,0.0,2.0,1
18000.0,5.32,110000.0,8.37,10,6.0,89.7,0.0,0.0,0
8000.0,6.49,135000.0,23.94,0,16.0,60.3,0.0,0.0,0
20000.0,16.55,115000.0,3.14,6,3.0,0.0,0.0,0.0,0
26950.0,12.29,59890.0,18.82,0,12.0,66.0,0.0,0.0,0
2500.0,9.99,60000.0,14.47,6,11.0,19.4,0.0,1.0,0
27500.0,6.24,75000.0,9.25,1,18.0,17.2,0.0,0.0,0
22300.0,24.99,62000.0,32.66,10,10.0,5.8,0.0,0.0,1
9500.0,9.17,50000.0,16.15,10,8.0,62.0,1.0,0.0,0
10000.0,7.26,70000.0,17.9,10,13.0,49.9,0.0,0.0,0
10000.0,7.26,28000.0,20.83,6,13.0,6.7,0.0,0.0,0
15200.0,13.18,75000.0,19.12,0,17.0,33.7,0.0,0.0,1
29500.0,7.26,120000.0,29.82,0,20.0,58.4,0.0,0.0,1
18200.0,5.32,112200.0,26.78,10,22.0,53.2,0.0,0.0,0
18000.0,7.26,70000.0,20.47,3,9.0,96.4,0.0,0.0,0
7000.0,13.33,37000.0,22.87,0,18.0,82.2,0.0,0.0,0
10000.0,6.24,170000.0,10.76,3,20.0,31.2,0.0,0.0,0
18000.0,9.99,60000.0,10.66,2,6.0,59.3,0.0,0.0,0
20000.0,5.32,108000.0,12.97,1,14.0,20.4,0.0,0.0,0
25000.0,7.26,75000.0,25.55,10,18.0,13.0,0.0,1.0,0
17350.0,14.65,86000.0,27.34,10,13.0,70.3,0.0,2.0,1
18000.0,6.39,101000.0,9.15,5,5.0,62.7,2.0,0.0,0
7200.0,13.33,91588.0,18.49,7,19.0,75.7,1.0,0.0,0
21000.0,18.84,74800.0,22.05,10,11.0,95.8,0.0,0.0,1
35000.0,17.57,85000.0,15.61,0,11.0,45.4,0.0,0.0,0
15000.0,12.29,41700.0,31.37,6,15.0,78.0,0.0,0.0,0
15225.0,20.49,55000.0,33.21,2,7.0,44.9,0.0,0.0,0
30000.0,11.53,180000.0,9.9,10,11.0,57.6,0.0,1.0,0
8000.0,7.26,50000.0,14.33,5,10.0,64.9,0.0,0.0,0
5000.0,12.69,121000.0,18.97,9,12.0,77.7,0.0,0.0,0
15000.0,9.76,108000.0,13.08,1,12.0,7.1,2.0,0.0,0
25000.0,7.26,68000.0,19.17,8,11.0,20.5,0.0,0.0,0
14350.0,13.99,150000.0,17.74,0,19.0,62.4,0.0,2.0,0
10000.0,9.17,26000.0,29.73,3,8.0,96.8,0.0,0.0,0
4000.0,12.69,38000.0,19.55,10,4.0,95.0,1.0,0.0,0
21000.0,18.49,107300.0,11.4,10,15.0,67.4,1.0,0.0,1
31000.0,9.76,125000.0,25.74,8,17.0,78.3,0.0,1.0,1
6000.0,6.89,70000.0,15.15,0,9.0,27.6,0.0,0.0,0
25000.0,12.69,65000.0,21.47,2,3.0,97.5,0.0,0.0,1
7200.0,10.99,77000.0,5.33,10,7.0,46.7,0.0,0.0,0
24000.0,12.69,175000.0,11.27,2,14.0,61.6,0.0,0.0,0
5600.0,12.59,51000.0,16.0,6,14.0,41.4,1.0,0.0,0
22500.0,16.99,81000.0,17.36,8,8.0,73.6,1.0,0.0,1
16275.0,27.49,37000.0,18.72,1,10.0,12.3,0.0,0.0,1
35000.0,22.99,250000.0,9.06,5,18.0,58.8,0.0,0.0,0
10000.0,14.65,30000.0,13.8,10,5.0,36.3,0.0,0.0,0
17500.0,15.61,47500.0,10.06,7,5.0,99.3,0.0,0.0,0
15000.0,12.29,97000.0,25.05,2,9.0,68.5,0.0,0.0,0
25000.0,13.99,106000.0,29.9,10,17.0,80.0,0.0,0.0,0
15600.0,7.89,49000.0,27.43,0,11.0,19.4,0.0,0.0,0
5000.0,8.18,45500.0,11.32,2,4.0,31.0,1.0,0.0,0
12000.0,12.29,27656.0,38.89,2,26.0,31.8,0.0,0.0,0
4800.0,11.53,36982.0,19.02,2,13.0,32.6,0.0,0.0,0
5400.0,11.53,35000.0,9.88,1,9.0,28.8,0.0,1.0,0
7000.0,10.99,59000.0,27.22,10,23.0,76.1,0.0,0.0,0
19000.0,12.69,110000.0,20.48,10,15.0,60.6,0.0,0.0,0
1400.0,10.99,55200.0,14.0,1,5.0,91.3,0.0,0.0,0
5000.0,9.17,38000.0,3.73,4,13.0,75.4,0.0,0.0,0
25000.0,6.24,100000.0,14.45,10,7.0,82.5,0.0,0.0,0
10000.0,14.65,42000.0,6.26,2,15.0,59.0,1.0,0.0,1
21000.0,11.49,80000.0,17.78,10,8.0,80.7,0.0,2.0,0
4000.0,13.33,75000.0,27.74,10,6.0,89.3,0.0,1.0,0
12000.0,13.99,65000.0,20.73,0,11.0,79.8,0.0,3.0,1
12000.0,19.19,65000.0,10.73,10,8.0,68.1,0.0,0.0,0
10675.0,18.25,60000.0,9.25,3,11.0,59.9,0.0,0.0,0
9000.0,11.53,45000.0,16.72,0,17.0,33.2,0.0,0.0,0
10000.0,13.18,115000.0,14.08,10,10.0,12.3,0.0,0.0,0
8000.0,7.26,80000.0,19.26,4,13.0,21.0,2.0,0.0,1
30000.0,10.99,117000.0,19.71,10,10.0,73.0,0.0,0.0,0
13650.0,16.99,49000.0,34.89,10,20.0,45.4,0.0,0.0,0
15000.0,18.25,39400.0,25.28,0,13.0,84.5,0.0,2.0,0
9900.0,15.61,45000.0,6.75,2,10.0,46.1,0.0,1.0,1
10000.0,13.33,75000.0,12.21,4,16.0,75.9,0.0,0.0,0
5000.0,7.89,30000.0,17.76,6,16.0,36.3,0.0,1.0,0
13000.0,11.99,65000.0,14.77,7,13.0,60.8,1.0,0.0,0
10000.0,13.33,54000.0,20.62,4,10.0,36.1,1.0,1.0,0
13475.0,15.41,37440.0,16.28,4,10.0,46.6,0.0,1.0,1
16000.0,12.69,61800.0,17.15,10,11.0,89.7,0.0,0.0,1
22000.0,10.99,95000.0,10.13,6,6.0,82.7,0.0,0.0,0
35000.0,23.99,150000.0,23.31,3,11.0,40.9,2.0,0.0,1
7700.0,9.76,104000.0,12.1,5,20.0,28.9,0.0,0.0,0
25000.0,14.65,80000.0,15.68,10,10.0,79.3,0.0,0.0,0
16025.0,14.65,90000.0,2.12,10,9.0,25.0,1.0,0.0,0
35000.0,18.55,110000.0,18.24,2,9.0,77.9,0.0,0.0,1
10000.0,11.53,55000.0,15.86,4,5.0,32.8,0.0,0.0,0
33000.0,12.05,90000.0,21.56,10,17.0,56.0,0.0,0.0,0
13000.0,18.55,40000.0,14.9,5,19.0,32.6,0.0,0.0,1
12500.0,11.53,74000.0,25.28,10,9.0,82.3,0.0,1.0,0
8000.0,9.17,32000.0,17.4,2,12.0,30.6,0.0,1.0,0
4500.0,13.33,26500.0,22.19,10,8.0,90.3,0.0,0.0,0
4000.0,8.18,33000.0,20.98,1,13.0,30.7,0.0,0.0,0
10225.0,15.61,44000.0,38.73,2,15.0,34.3,0.0,4.0,0
8000.0,12.05,92000.0,21.04,7,13.0,47.6,0.0,0.0,0
25000.0,10.99,69927.0,28.13,10,12.0,97.0,0.0,0.0,1
4000.0,11.22,34000.0,29.65,10,13.0,6.9,2.0,0.0,0
24750.0,17.57,65000.0,23.41,10,10.0,71.2,0.0,0.0,0
14000.0,12.69,90000.0,25.43,8,17.0,80.5,0.0,0.0,1
18000.0,7.26,83000.0,21.32,2,12.0,59.2,0.0,0.0,0
25000.0,16.99,80000.0,35.31,0,8.0,80.1,0.0,0.0,1
3000.0,14.65,30500.0,12.59,1,9.0,44.3,0.0,0.0,0
15600.0,12.29,60000.0,24.48,0,10.0,28.6,0.0,0.0,0
14000.0,9.99,90000.0,10.24,5,11.0,76.5,0.0,0.0,0
35000.0,14.65,98000.0,18.16,8,12.0,79.0,0.0,0.0,0
13000.0,6.24,50000.0,26.98,4,18.0,61.0,0.0,0.0,1
30000.0,9.99,136000.0,28.14,2,13.0,73.9,0.0,0.0,0
10000.0,13.33,35000.0,23.35,10,13.0,34.3,0.0,0.0,1
25425.0,16.99,53000.0,30.78,0,10.0,75.9,0.0,0.0,0
21475.0,17.57,118000.0,17.61,2,10.0,66.1,1.0,0.0,0
16800.0,8.18,74000.0,15.83,2,6.0,51.7,0.0,0.0,0
27000.0,6.24,70000.0,11.7,10,16.0,24.3,0.0,0.0,0
35000.0,9.17,110000.0,14.67,10,19.0,60.2,0.0,0.0,0
24000.0,17.57,188000.0,27.57,0,12.0,74.6,0.0,0.0,1
15000.0,14.65,72000.0,12.07,0,11.0,53.4,0.0,0.0,0
30000.0,13.99,148000.0,11.99,2,15.0,62.5,0.0,1.0,1
11000.0,15.61,60000.0,20.72,8,16.0,61.6,0.0,0.0,0
24000.0,10.99,150000.0,14.49,2,13.0,71.8,1.0,0.0,0
14000.0,5.32,120000.0,22.44,7,15.0,16.1,0.0,0.0,0
8000.0,12.59,36000.0,19.13,5,9.0,66.7,0.0,0.0,0
20000.0,17.57,62000.0,26.66,6,10.0,92.3,0.0,1.0,1
10000.0,10.99,40000.0,13.29,1,11.0,39.4,3.0,0.0,1
8000.0,8.18,45000.0,4.21,2,4.0,19.6,0.0,0.0,0
12000.0,10.64,70000.0,5.5,1,7.0,23.0,0.0,0.0,0
15000.0,8.38,82000.0,7.06,10,4.0,39.4,0.0,0.0,0
29900.0,19.99,65000.0,2.07,10,8.0,20.7,0.0,0.0,1
10000.0,19.19,75000.0,11.7,10,16.0,54.3,0.0,0.0,1
12000.0,12.29,190000.0,11.77,10,12.0,53.0,1.0,0.0,0
8500.0,10.99,40000.0,12.87,10,7.0,70.6,1.0,0.0,0
7000.0,7.89,76000.0,6.99,6,29.0,11.2,3.0,0.0,0
35000.0,16.55,83000.0,30.41,7,14.0,73.2,0.0,0.0,0
3075.0,14.65,39000.0,6.77,1,11.0,89.0,1.0,0.0,0
16000.0,11.53,42000.0,23.75,3,13.0,74.4,0.0,0.0,1
5400.0,7.89,52000.0,24.16,8,11.0,22.2,0.0,0.0,0
5000.0,12.69,38000.0,3.79,7,4.0,73.8,1.0,0.0,0
15000.0,9.99,85000.0,18.68,4,18.0,69.8,1.0,0.0,1
10000.0,13.33,45000.0,36.77,10,14.0,69.3,0.0,0.0,1
28000.0,12.29,109500.0,31.3,10,10.0,84.4,0.0,1.0,1
11500.0,6.89,250000.0,8.92,3,7.0,69.2,1.0,0.0,0
10000.0,12.69,72000.0,37.15,4,16.0,48.0,0.0,0.0,0
20000.0,19.99,40000.0,20.22,10,13.0,56.0,1.0,0.0,0
3000.0,13.99,94199.0,24.77,10,13.0,98.6,0.0,1.0,0
8700.0,12.69,33000.0,22.79,0,4.0,64.0,0.0,0.0,0
10000.0,6.92,75000.0,17.45,3,10.0,30.7,0.0,0.0,0
7000.0,17.86,27000.0,32.9,8,10.0,94.7,0.0,0.0,0
20000.0,6.89,79000.0,31.61,10,17.0,28.9,0.0,1.0,0
21000.0,20.99,200000.0,8.53,4,17.0,52.0,0.0,0.0,0
20000.0,12.29,145000.0,18.38,10,13.0,28.3,0.0,0.0,0
10000.0,13.18,45000.0,35.63,1,9.0,57.6,0.0,0.0,0
10400.0,8.18,180000.0,9.74,3,12.0,33.9,1.0,0.0,0
5000.0,7.89,45000.0,30.48,10,12.0,80.6,0.0,0.0,0
24000.0,13.99,100000.0,9.47,4,10.0,32.8,0.0,0.0,0
30000.0,9.17,110000.0,16.66,4,12.0,35.3,0.0,0.0,0
35000.0,7.89,104000.0,17.64,10,18.0,82.5,0.0,0.0,0
7200.0,26.77,20000.0,30.07,3,11.0,25.2,0.0,0.0,0
10000.0,11.53,40250.0,20.24,3,20.0,47.1,1.0,0.0,0
10000.0,7.89,126000.0,14.85,10,16.0,49.1,0.0,1.0,0
15000.0,13.44,31000.0,6.81,0,11.0,61.0,0.0,1.0,0
10500.0,11.53,59000.0,18.88,7,13.0,80.4,0.0,0.0,0
3000.0,9.99,90000.0,8.27,1,8.0,69.3,0.0,0.0,0
35000.0,18.84,86000.0,25.13,7,18.0,85.3,0.0,0.0,0
10225.0,21.67,42725.0,30.37,1,10.0,98.7,0.0,0.0,1
10800.0,13.33,63000.0,29.66,10,16.0,17.9,0.0,0.0,0
12000.0,7.26,100000.0,20.05,2,22.0,22.5,0.0,0.0,0
8000.0,10.99,67790.0,5.61,10,9.0,11.6,1.0,2.0,0
25625.0,12.59,250000.0,22.42,10,18.0,53.2,0.0,0.0,0
20000.0,13.99,63000.0,6.06,4,5.0,66.2,0.0,0.0,0
14000.0,9.99,35000.0,9.57,10,2.0,62.7,0.0,0.0,0
13250.0,12.29,65000.0,18.13,7,15.0,88.4,0.0,1.0,1
10000.0,7.89,70000.0,2.64,2,10.0,18.5,2.0,0.0,0
9500.0,12.69,125000.0,8.14,4,5.0,95.6,0.0,0.0,0
12000.0,13.33,55000.0,10.26,10,9.0,70.7,1.0,0.0,0
20000.0,8.18,125000.0,9.31,6,14.0,50.4,0.0,0.0,0
19200.0,11.53,60000.0,11.38,0,17.0,42.3,0.0,0.0,0
18000.0,7.26,90000.0,19.17,0,11.0,5.9,0.0,0.0,0
35000.0,9.8,140000.0,12.22,1,15.0,13.3,0.0,0.0,0
5000.0,18.25,56435.29,26.18,8,13.0,47.6,0.0,0.0,0
7000.0,18.84,38000.0,16.55,4,5.0,47.3,1.0,0.0,1
13200.0,12.69,45000.0,30.93,3,14.0,81.6,0.0,0.0,0
12000.0,13.99,42000.0,19.66,4,11.0,51.5,1.0,0.0,0
20400.0,19.99,60000.0,14.88,10,13.0,90.8,0.0,1.0,0
20500.0,9.99,77000.0,16.49,10,12.0,36.7,0.0,0.0,0
2400.0,12.69,45000.0,16.0,1,32.0,26.1,0.0,0.0,0
28600.0,21.99,65000.0,8.01,3,5.0,42.8,0.0,0.0,0
35000.0,14.33,135000.0,20.29,2,21.0,59.8,0.0,0.0,0
20000.0,20.49,90043.0,25.31,10,18.0,74.7,0.0,0.0,1
1450.0,12.59,75000.0,23.34,10,8.0,30.6,0.0,1.0,0
5500.0,6.24,43000.0,20.23,9,8.0,35.6,0.0,0.0,0
22675.0,19.99,54000.0,27.8,8,8.0,54.3,1.0,0.0,1
27300.0,15.41,140000.0,15.51,2,8.0,45.8,0.0,1.0,0
15000.0,5.93,60000.0,28.6,10,4.0,72.1,0.0,0.0,0
8500.0,10.99,55000.0,15.36,10,17.0,34.9,1.0,0.0,0
30400.0,11.99,67600.0,27.98,2,8.0,49.0,0.0,1.0,1
16000.0,13.33,48000.0,21.05,10,8.0,35.0,1.0,1.0,0
10425.0,17.86,43000.0,22.86,10,22.0,17.2,1.0,0.0,1
10000.0,6.24,90000.0,14.44,10,17.0,41.8,0.0,0.0,0
20000.0,12.29,55000.0,30.07,10,10.0,70.7,0.0,1.0,1
4500.0,7.26,36000.0,13.0,9,7.0,26.7,1.0,0.0,0
9600.0,10.99,130000.0,8.43,1,23.0,58.8,0.0,3.0,0
24000.0,11.22,176500.0,18.37,10,31.0,42.5,0.0,0.0,0
35000.0,27.88,362000.0,23.5,2,34.0,73.1,0.0,0.0,1
20000.0,15.61,60000.0,30.76,10,11.0,63.4,1.0,0.0,0
35000.0,14.65,117000.0,12.49,7,10.0,92.7,0.0,0.0,0
11000.0,7.89,40000.0,21.45,10,16.0,32.3,0.0,2.0,0
5000.0,7.89,72000.0,9.55,9,12.0,21.1,2.0,1.0,0
10800.0,8.18,55000.0,13.83,3,13.0,15.1,0.0,0.0,0
11950.0,9.99,34000.0,17.51,8,6.0,64.3,0.0,0.0,0
6000.0,10.99,25000.0,23.52,8,9.0,41.0,0.0,0.0,0
35000.0,18.25,97000.0,21.68,8,18.0,76.2,0.0,4.0,0
17000.0,19.19,50000.0,23.21,3,11.0,90.7,0.0,0.0,1
2500.0,7.89,67500.0,19.17,3,7.0,95.9,0.0,0.0,0
2525.0,12.69,45000.0,16.62,10,12.0,37.1,0.0,0.0,0
35000.0,13.99,145000.0,7.14,10,12.0,64.3,0.0,0.0,0
28000.0,11.22,90000.0,20.97,10,16.0,61.2,0.0,0.0,0
15000.0,6.89,84000.0,30.12,10,20.0,22.7,0.0,0.0,0
6500.0,11.53,64000.0,20.68,8,9.0,45.5,0.0,0.0,0
5000.0,13.99,47400.0,14.38,2,6.0,42.6,1.0,0.0,0
9750.0,19.19,60000.0,8.44,3,18.0,47.4,0.0,0.0,1
3600.0,6.89,107500.0,32.82,6,34.0,11.2,0.0,0.0,0
29500.0,7.26,170000.0,20.82,2,12.0,62.7,0.0,0.0,0
25450.0,13.33,52000.0,28.36,10,13.0,61.3,0.0,0.0,0
21600.0,17.86,84000.0,18.8,10,13.0,81.9,0.0,0.0,0
6100.0,5.32,73000.0,16.98,10,11.0,35.2,0.0,1.0,0
6000.0,7.89,38000.0,17.06,3,14.0,15.4,1.0,0.0,0
18000.0,13.99,80000.0,16.68,3,6.0,79.6,0.0,0.0,0
5100.0,18.25,32000.0,27.19,5,5.0,78.1,0.0,0.0,0
9800.0,13.44,40000.0,39.6,4,8.0,53.6,0.0,1.0,1
12000.0,13.33,30000.0,28.52,10,15.0,43.1,0.0,1.0,1
5000.0,9.17,35000.0,16.26,8,11.0,30.3,0.0,0.0,0
22400.0,12.29,88000.0,21.3,10,7.0,62.3,0.0,0.0,0
21000.0,11.53,101500.0,17.89,6,13.0,75.1,0.0,1.0,0
4500.0,16.55,41000.0,20.02,8,8.0,85.4,0.0,0.0,0
10000.0,11.53,60000.0,21.99,4,9.0,92.8,0.0,0.0,1
30000.0,9.99,68000.0,16.25,9,13.0,13.7,0.0,0.0,0
20000.0,8.18,56000.0,19.48,5,14.0,29.9,0.0,0.0,0
15000.0,12.69,150000.0,16.55,8,17.0,35.2,1.0,0.0,0
5000.0,12.59,19800.0,29.94,10,7.0,63.3,1.0,0.0,0
28175.0,9.17,195000.0,19.93,10,19.0,43.4,5.0,0.0,1
24000.0,5.32,400000.0,9.41,10,15.0,43.0,0.0,0.0,0
10000.0,12.69,52000.0,16.96,5,14.0,49.0,0.0,0.0,1
24000.0,10.99,285000.0,19.92,10,28.0,87.0,0.0,0.0,0
15000.0,16.55,70000.0,34.75,10,14.0,90.3,0.0,0.0,0
6500.0,9.17,56000.0,7.12,10,4.0,52.9,1.0,0.0,0
7125.0,17.86,20000.0,38.9,0,6.0,64.8,0.0,0.0,0
10000.0,19.99,92000.0,1.81,10,4.0,46.8,0.0,0.0,1
15000.0,9.17,41500.0,19.26,10,4.0,60.5,0.0,0.0,1
15400.0,18.99,94500.0,10.53,10,13.0,73.5,2.0,0.0,0
12000.0,11.53,80000.0,11.16,10,12.0,67.5,0.0,0.0,1
20750.0,16.55,54080.0,35.15,7,12.0,90.7,0.0,0.0,1
28000.0,8.18,110000.0,14.82,10,13.0,49.0,0.0,0.0,0
18000.0,14.33,60000.0,18.34,10,13.0,94.5,0.0,0.0,1
15000.0,7.89,50000.0,22.55,0,10.0,42.8,0.0,0.0,0
19100.0,9.99,70000.0,35.83,5,24.0,6.1,0.0,0.0,0
10800.0,20.99,70000.0,22.9,10,10.0,46.0,1.0,0.0,0
7200.0,12.69,30000.0,8.28,10,4.0,86.1,0.0,0.0,0
7000.0,7.89,36000.0,11.9,0,7.0,58.9,0.0,0.0,0
3000.0,13.99,80000.0,21.56,0,7.0,85.3,0.0,0.0,0
8000.0,9.17,92000.0,9.84,9,8.0,69.5,0.0,0.0,0
9000.0,6.24,85351.0,21.26,3,22.0,31.3,0.0,0.0,0
20000.0,15.61,100000.0,20.05,3,14.0,49.1,0.0,0.0,1
9000.0,8.18,23000.0,5.58,1,43.0,28.5,0.0,0.0,1
6500.0,9.17,46000.0,23.06,10,8.0,56.1,0.0,0.0,0
9500.0,6.24,142000.0,19.57,2,14.0,58.7,1.0,0.0,0
27500.0,9.17,70000.0,23.11,10,15.0,60.2,0.0,0.0,0
25000.0,11.48,135000.0,4.65,10,16.0,13.5,0.0,0.0,0
18000.0,15.61,49700.0,29.17,4,21.0,43.6,2.0,0.0,0
30000.0,12.69,95000.0,18.93,3,10.0,68.8,0.0,0.0,0
20000.0,9.17,120000.0,9.37,4,12.0,77.9,1.0,0.0,0
15825.0,17.86,36000.0,30.98,5,8.0,82.2,0.0,0.0,1
5500.0,16.99,50000.0,19.35,10,8.0,56.2,0.0,0.0,0
12000.0,13.99,55000.0,18.18,8,7.0,85.4,0.0,0.0,0
6000.0,6.99,53000.0,20.52,1,8.0,55.8,0.0,0.0,0
18000.0,6.68,120000.0,13.8,6,13.0,46.8,1.0,0.0,0
10800.0,12.69,48627.0,31.02,2,16.0,71.1,0.0,0.0,0
4975.0,11.53,76104.0,11.49,2,6.0,62.0,1.0,2.0,0
18000.0,6.89,60000.0,7.96,7,6.0,52.5,0.0,0.0,0
20400.0,9.99,85000.0,19.51,9,8.0,67.8,0.0,0.0,0
10175.0,13.33,43000.0,22.55,2,11.0,35.5,0.0,0.0,0
20000.0,6.39,120000.0,8.75,4,13.0,51.6,0.0,0.0,0
4000.0,5.32,74400.0,12.63,5,10.0,30.2,0.0,0.0,0
1200.0,9.99,38000.0,1.74,4,4.0,24.3,0.0,0.0,0
15000.0,16.99,105000.0,36.48,10,22.0,19.7,0.0,0.0,0
10000.0,12.29,132000.0,23.57,10,15.0,25.9,0.0,0.0,0
18400.0,13.33,93500.0,13.37,6,16.0,42.3,0.0,0.0,1
6500.0,13.99,39000.0,24.62,6,7.0,70.0,0.0,0.0,0
19000.0,7.26,53000.0,19.25,7,14.0,49.9,0.0,0.0,0
18000.0,15.61,50000.0,29.02,10,9.0,78.9,0.0,0.0,1
6000.0,11.53,42000.0,20.03,1,10.0,68.9,1.0,1.0,0
8000.0,11.53,90000.0,25.72,1,25.0,79.6,0.0,1.0,0
15000.0,15.77,79950.0,24.05,3,16.0,41.8,0.0,0.0,1
22000.0,8.18,81000.0,11.01,10,8.0,82.2,0.0,1.0,0
22000.0,10.64,70000.0,13.61,1,6.0,0.1,0.0,0.0,0
18000.0,14.65,70000.0,18.33,10,9.0,45.9,0.0,0.0,1
10000.0,12.29,26000.0,28.65,5,6.0,70.3,0.0,0.0,0
11000.0,13.99,75000.0,15.31,10,9.0,41.5,0.0,0.0,1
15000.0,5.32,65050.0,6.27,10,7.0,44.4,0.0,0.0,0
3600.0,15.61,54000.0,28.29,10,9.0,67.0,1.0,6.0,0
10000.0,7.91,103000.0,13.74,2,12.0,70.6,0.0,4.0,0
20000.0,13.99,125000.0,7.61,0,14.0,74.2,0.0,0.0,0
28000.0,9.99,169000.0,8.19,0,9.0,72.6,0.0,0.0,0
25000.0,7.89,70000.0,15.19,3,10.0,32.2,0.0,1.0,0
12000.0,6.89,70000.0,8.83,7,9.0,10.6,0.0,0.0,0
3800.0,27.49,43000.0,39.69,3,12.0,59.7,0.0,0.0,1
18450.0,15.61,46160.0,16.59,5,8.0,84.6,0.0,1.0,0
10000.0,7.89,100000.0,7.81,8,8.0,82.9,0.0,2.0,0
4000.0,9.99,72000.0,16.02,3,8.0,70.1,1.0,0.0,0
30000.0,18.25,145000.0,5.03,8,10.0,31.4,1.0,0.0,0
6400.0,6.24,53032.2,9.44,10,9.0,66.8,0.0,0.0,0
4000.0,13.33,32000.0,29.22,1,7.0,70.4,0.0,0.0,0
25000.0,16.99,87000.0,18.57,8,20.0,58.5,2.0,0.0,0
20000.0,13.33,79000.0,15.89,5,13.0,38.4,0.0,4.0,1
10000.0,13.44,83000.0,15.17,10,9.0,36.0,1.0,0.0,0
10000.0,9.17,42500.0,12.43,8,5.0,43.6,0.0,0.0,0
29975.0,17.57,75000.0,19.94,5,11.0,84.7,0.0,0.0,1
18000.0,14.65,88000.0,16.66,10,9.0,66.1,0.0,1.0,0
5000.0,6.89,80000.0,6.15,5,6.0,86.6,0.0,0.0,1
9000.0,13.33,50000.0,17.93,5,7.0,36.9,0.0,0.0,0
1500.0,9.99,79500.0,12.23,1,5.0,86.2,1.0,0.0,0
14000.0,14.65,91000.0,14.39,3,16.0,78.0,0.0,0.0,1
14000.0,7.89,100000.0,1.81,3,5.0,33.3,0.0,0.0,0
15000.0,11.53,34000.0,23.54,1,12.0,27.2,0.0,0.0,0
25000.0,10.99,85000.0,6.16,10,16.0,7.5,0.0,1.0,1
25200.0,23.99,66633.0,18.55,1,5.0,88.4,0.0,0.0,0
7875.0,13.33,40000.0,33.63,6,27.0,26.8,0.0,0.0,0
5000.0,9.99,80000.0,23.54,4,13.0,57.2,0.0,0.0,0
20000.0,9.17,130000.0,21.18,2,16.0,23.2,0.0,4.0,0
35000.0,26.77,105000.0,23.35,2,9.0,82.5,0.0,1.0,0
7000.0,7.89,150000.0,8.86,10,10.0,77.8,1.0,0.0,0
10000.0,13.33,140000.0,14.15,1,37.0,66.0,1.0,0.0,0
6000.0,11.53,20000.0,24.97,6,8.0,58.1,1.0,1.0,0
22000.0,8.18,75000.0,14.74,10,21.0,3.7,0.0,5.0,1
21000.0,12.69,65000.0,29.14,10,11.0,69.8,0.0,0.0,1
5000.0,7.89,95000.0,19.33,10,13.0,58.2,0.0,0.0,0
10000.0,6.99,60000.0,29.15,10,18.0,32.7,0.0,0.0,0
4200.0,6.24,110500.0,26.71,6,18.0,40.9,0.0,0.0,0
20000.0,13.33,59000.0,26.32,10,19.0,19.9,0.0,0.0,0
23850.0,16.99,95000.0,12.7,9,8.0,48.0,1.0,0.0,1
35000.0,18.25,280000.0,11.29,10,26.0,54.0,0.0,1.0,0
18100.0,19.99,73000.0,27.45,4,16.0,92.1,0.0,0.0,0
2000.0,13.99,45000.0,21.28,10,10.0,41.3,1.0,0.0,0
25200.0,28.49,76000.0,14.21,9,11.0,20.4,0.0,1.0,0
13000.0,15.61,56825.0,23.55,8,15.0,67.0,1.0,0.0,0
6000.0,9.17,117000.0,20.64,1,15.0,91.8,0.0,0.0,0
15000.0,9.76,60000.0,7.34,10,6.0,79.6,0.0,0.0,1
15000.0,6.92,85000.0,26.23,2,18.0,23.1,0.0,0.0,0
6000.0,12.29,100000.0,8.63,3,12.0,56.3,0.0,1.0,0
12000.0,16.55,56000.0,37.44,10,20.0,73.6,0.0,0.0,1
15000.0,6.89,73000.0,23.18,10,12.0,88.3,0.0,0.0,0
28000.0,8.18,117000.0,30.3,10,17.0,48.0,0.0,0.0,0
8400.0,13.33,54000.0,16.84,10,22.0,31.7,0.0,0.0,0
14650.0,14.48,36500.0,26.66,2,14.0,46.6,0.0,0.0,0
34750.0,20.49,220000.0,28.31,0,11.0,67.1,0.0,0.0,0
7000.0,8.18,120000.0,20.45,1,20.0,78.1,0.0,4.0,0
25000.0,9.17,92000.0,14.82,7,12.0,2.9,0.0,0.0,0
10000.0,13.99,53300.0,14.1,10,7.0,50.3,1.0,0.0,0
35000.0,13.33,125000.0,28.7,10,13.0,89.3,0.0,0.0,1
4800.0,13.99,33000.0,18.69,2,6.0,35.4,0.0,0.0,0
35000.0,14.48,250000.0,14.2,10,18.0,81.1,0.0,0.0,0
15000.0,7.89,80000.0,19.02,9,3.0,41.4,0.0,0.0,0
28000.0,13.99,172000.0,6.73,10,9.0,72.4,0.0,1.0,0
10000.0,11.53,85000.0,25.0,4,16.0,30.2,1.0,1.0,0
35000.0,12.29,175000.0,14.39,3,7.0,86.3,0.0,0.0,0
3050.0,10.99,18000.0,10.07,3,6.0,28.9,1.0,0.0,0
20600.0,9.17,115000.0,22.62,10,12.0,86.2,0.0,0.0,0
10000.0,6.24,85000.0,19.79,10,24.0,49.9,0.0,1.0,0
4000.0,13.33,42000.0,31.11,10,10.0,46.7,0.0,0.0,0
12000.0,7.89,80000.0,6.18,4,5.0,21.9,1.0,0.0,0
16000.0,8.18,85000.0,10.53,3,9.0,66.3,0.0,0.0,1
20000.0,17.86,80000.0,19.38,1,6.0,89.5,0.0,0.0,1
2000.0,14.65,41000.0,12.06,10,15.0,61.9,0.0,1.0,0
10000.0,8.18,26000.0,26.78,3,7.0,46.3,0.0,0.0,1
1000.0,17.57,18000.0,25.07,10,5.0,55.1,0.0,0.0,0
17725.0,14.65,36937.0,34.41,8,11.0,42.5,0.0,1.0,1
12000.0,20.99,52000.0,28.89,0,12.0,55.3,0.0,0.0,1
24000.0,14.33,150000.0,12.69,0,14.0,44.0,2.0,0.0,0
28000.0,14.65,100000.0,29.39,8,17.0,75.0,0.0,0.0,0
35000.0,13.99,90000.0,10.36,0,12.0,55.6,0.0,0.0,0
30000.0,15.41,80000.0,5.95,10,13.0,95.8,0.0,5.0,0
35000.0,15.61,140000.0,22.7,10,17.0,70.2,0.0,0.0,1
15000.0,9.99,80000.0,3.47,9,7.0,47.2,0.0,1.0,0
23000.0,18.25,46000.0,25.12,10,9.0,87.6,0.0,0.0,0
8000.0,5.32,63000.0,22.82,10,12.0,27.3,0.0,1.0,0
12000.0,6.92,153000.0,3.67,10,4.0,3.8,1.0,0.0,0
20000.0,13.99,75000.0,20.27,2,10.0,70.0,0.0,0.0,1
15600.0,6.24,110000.0,23.29,9,10.0,30.4,0.0,0.0,0
15000.0,7.89,541000.0,8.03,7,6.0,24.5,0.0,1.0,0
24000.0,7.89,113700.0,31.68,10,11.0,82.6,0.0,0.0,1
4400.0,14.65,72000.0,24.7,10,16.0,53.7,0.0,0.0,0
6000.0,8.18,50000.0,12.72,2,9.0,25.4,0.0,0.0,0
12000.0,9.17,60000.0,24.36,1,11.0,80.5,0.0,0.0,1
24000.0,20.99,60000.0,22.58,3,10.0,74.4,0.0,0.0,0
4200.0,12.69,31680.0,6.05,0,4.0,46.0,0.0,1.0,0
5000.0,7.89,19200.0,7.69,10,7.0,5.0,0.0,0.0,0
15000.0,7.89,75000.0,12.89,2,13.0,44.1,0.0,0.0,0
24000.0,5.93,49000.0,28.8,5,8.0,15.8,0.0,0.0,0
8000.0,14.33,65000.0,4.39,2,6.0,41.0,0.0,2.0,0
35000.0,10.99,90000.0,17.41,3,21.0,15.0,0.0,3.0,0
3000.0,15.61,65000.0,21.81,5,21.0,70.8,0.0,2.0,1
20000.0,10.99,75000.0,18.98,0,28.0,39.2,0.0,0.0,0
14400.0,12.69,67000.0,12.13,10,5.0,95.0,0.0,0.0,0
15000.0,9.17,55000.0,17.04,5,11.0,84.0,0.0,0.0,0
35000.0,16.99,110000.0,13.71,5,17.0,64.2,1.0,9.0,0
21000.0,11.49,105000.0,15.62,10,14.0,70.0,0.0,3.0,0
2400.0,7.89,25000.0,31.88,0,6.0,55.0,0.0,0.0,0
15000.0,11.99,45500.0,9.71,10,8.0,15.0,0.0,0.0,0
3500.0,12.29,50000.0,10.32,6,6.0,59.6,0.0,0.0,0
28000.0,7.26,160000.0,11.45,10,10.0,34.0,0.0,0.0,0
25000.0,5.32,365000.0,0.13,7,13.0,0.6,0.0,0.0,0
5000.0,6.68,51000.0,4.89,10,7.0,24.5,0.0,0.0,0
10000.0,13.99,40000.0,37.02,4,17.0,62.3,1.0,0.0,0
15000.0,9.17,42000.0,11.97,10,8.0,44.5,1.0,0.0,0
11700.0,15.61,62000.0,23.77,10,17.0,45.3,2.0,0.0,0
33825.0,13.33,130000.0,26.08,3,25.0,92.3,0.0,0.0,1
16000.0,9.17,54000.0,31.38,5,19.0,74.1,1.0,0.0,1
12800.0,11.53,47000.0,22.84,2,22.0,37.7,0.0,0.0,0
3000.0,11.53,96000.0,7.5,10,10.0,43.3,1.0,0.0,0
25000.0,5.32,65000.0,13.52,10,18.0,10.1,0.0,0.0,0
2400.0,10.64,48000.0,8.53,10,20.0,19.6,0.0,0.0,0
13000.0,12.29,68000.0,15.48,10,17.0,64.8,0.0,0.0,1
20000.0,5.32,80000.0,3.84,0,11.0,20.6,0.0,0.0,0
15000.0,12.69,145000.0,25.95,7,11.0,48.2,0.0,1.0,0
15000.0,11.22,56900.0,28.58,6,14.0,47.2,1.0,0.0,0
13275.0,18.25,49000.0,20.57,10,10.0,71.9,0.0,0.0,1
6000.0,9.17,60000.0,19.94,3,13.0,44.7,0.0,1.0,0
5000.0,13.33,21120.0,22.61,10,7.0,15.2,0.0,0.0,0
24925.0,19.99,65600.0,26.13,7,9.0,78.2,0.0,0.0,0
10000.0,12.29,80000.0,17.83,10,9.0,95.0,0.0,0.0,0
9000.0,12.69,110000.0,15.47,5,9.0,85.2,0.0,0.0,0
20000.0,11.22,95000.0,14.0,0,10.0,48.7,0.0,1.0,0
12000.0,6.39,50000.0,16.44,1,17.0,28.0,0.0,0.0,0
12000.0,12.69,127000.0,15.89,8,11.0,47.5,0.0,1.0,1
5375.0,5.32,35000.0,13.48,5,5.0,62.5,0.0,0.0,0
11200.0,9.99,70000.0,11.28,3,13.0,54.6,0.0,0.0,0
20000.0,6.68,70000.0,11.67,3,7.0,34.7,0.0,0.0,0
10800.0,12.69,62000.0,13.45,10,9.0,55.0,0.0,0.0,0
15000.0,6.68,58000.0,23.3,4,13.0,28.3,0.0,0.0,0
21000.0,18.55,95000.0,17.81,10,17.0,63.1,0.0,0.0,0
5000.0,7.26,84000.0,9.57,4,7.0,89.4,0.0,0.0,0
15000.0,13.33,101000.0,6.82,10,22.0,25.0,0.0,0.0,0
15000.0,9.99,110000.0,10.6,10,19.0,46.7,0.0,2.0,0
35000.0,7.89,142000.0,11.23,10,13.0,30.3,0.0,0.0,0
35000.0,12.29,116849.0,25.23,7,17.0,93.4,0.0,0.0,0
3000.0,9.17,40000.0,24.45,5,5.0,64.0,0.0,0.0,0
18000.0,6.39,40000.0,22.68,0,18.0,26.9,0.0,0.0,0
7500.0,7.89,128000.0,18.85,10,7.0,87.2,0.0,1.0,0
20000.0,12.29,61000.0,6.3,10,8.0,29.3,0.0,0.0,1
12400.0,13.33,62840.0,23.99,10,16.0,87.3,0.0,0.0,0
28000.0,8.18,115000.0,8.41,2,14.0,29.1,0.0,0.0,0
25000.0,7.89,100000.0,22.47,4,11.0,71.8,7.0,0.0,0
5000.0,7.89,38000.0,5.12,5,7.0,10.7,1.0,0.0,0
7225.0,16.55,80000.0,26.82,0,17.0,55.6,0.0,0.0,1
16000.0,8.18,90000.0,10.2,2,9.0,24.3,0.0,0.0,0
5500.0,5.32,76000.0,8.98,6,14.0,6.8,0.0,0.0,0
9725.0,19.19,48000.0,4.63,1,19.0,60.7,0.0,0.0,0
10000.0,9.99,60000.0,12.74,10,15.0,68.0,1.0,2.0,0
18000.0,12.29,75000.0,6.32,2,9.0,44.0,0.0,0.0,0
30700.0,15.61,76000.0,10.61,10,4.0,74.2,1.0,0.0,1
35000.0,9.17,80000.0,20.0,10,11.0,60.2,0.0,0.0,0
5000.0,12.69,42000.0,33.37,3,14.0,66.8,0.0,0.0,0
4275.0,15.61,29500.0,36.82,5,9.0,18.4,1.0,0.0,0
7000.0,7.89,90000.0,5.01,10,4.0,56.9,0.0,0.0,1
3175.0,14.65,26000.0,32.92,5,9.0,86.0,0.0,0.0,0
10000.0,10.99,42000.0,22.69,2,14.0,24.3,0.0,1.0,1
18000.0,16.99,50000.0,13.3,0,6.0,81.0,0.0,0.0,0
10500.0,7.89,80000.0,23.06,0,18.0,6.5,0.0,0.0,0
7775.0,15.61,103000.0,12.76,10,10.0,46.4,0.0,4.0,1
10000.0,13.33,30000.0,25.72,4,11.0,39.1,1.0,0.0,0
14000.0,14.65,60000.0,24.22,4,10.0,30.7,0.0,0.0,0
35000.0,9.99,314000.0,12.61,10,27.0,38.0,0.0,0.0,0
7200.0,12.29,26000.0,14.08,4,16.0,30.2,0.0,0.0,0
12000.0,9.99,56000.0,20.47,10,18.0,59.5,0.0,0.0,0
12000.0,9.99,72000.0,14.43,10,10.0,50.8,1.0,0.0,0
12800.0,12.69,36314.0,29.38,10,10.0,78.2,0.0,4.0,0
15000.0,9.99,75000.0,11.38,5,17.0,34.2,0.0,0.0,0
2925.0,14.65,55000.0,11.8,1,4.0,0.6,0.0,0.0,0
12000.0,13.18,80000.0,16.38,4,10.0,72.9,0.0,0.0,0
6800.0,16.55,50000.0,1.61,4,4.0,41.5,1.0,0.0,0
15000.0,11.53,47652.0,20.83,10,20.0,12.3,1.0,0.0,0
25350.0,8.18,52000.0,27.69,10,11.0,76.8,0.0,0.0,0
10000.0,8.18,100000.0,13.42,5,17.0,91.9,0.0,1.0,0
6000.0,8.18,26000.0,19.9,2,11.0,22.2,0.0,0.0,0
20000.0,10.99,95000.0,21.92,3,17.0,53.1,0.0,0.0,1
24600.0,7.89,155438.0,12.01,10,10.0,71.8,0.0,2.0,0
12000.0,16.55,37000.0,20.79,10,9.0,89.7,0.0,0.0,1
35000.0,17.86,120000.0,18.61,7,11.0,74.4,0.0,0.0,0
12475.0,13.33,54500.0,22.26,1,11.0,79.8,0.0,0.0,0
14525.0,12.29,33013.2,23.92,2,11.0,59.2,0.0,0.0,1
17100.0,16.99,38000.0,33.32,1,14.0,50.0,0.0,0.0,0
7000.0,11.48,66000.0,11.69,1,5.0,98.0,0.0,0.0,0
15000.0,6.39,65000.0,18.59,0,18.0,60.9,0.0,1.0,0
30000.0,13.99,90000.0,28.0,10,17.0,49.6,1.0,2.0,0
7500.0,9.17,50100.0,26.87,3,12.0,15.9,0.0,0.0,0
28800.0,9.17,154000.0,30.59,10,14.0,63.0,0.0,0.0,0
10000.0,9.17,86000.0,24.34,10,16.0,65.3,0.0,1.0,0
10000.0,10.99,60000.0,17.22,8,10.0,55.3,0.0,1.0,0
11000.0,5.32,516000.0,1.52,8,11.0,32.1,0.0,0.0,0
12000.0,7.89,50000.0,23.91,1,6.0,84.8,0.0,3.0,0
10000.0,13.99,72500.0,18.54,1,23.0,19.5,1.0,0.0,0
11000.0,8.18,60000.0,6.38,0,4.0,78.0,0.0,0.0,0
15000.0,7.91,117000.0,10.93,10,8.0,24.7,0.0,0.0,0
17550.0,18.25,45000.0,15.87,4,11.0,49.5,0.0,1.0,1
8000.0,11.53,52000.0,13.59,10,5.0,58.4,0.0,0.0,0
12000.0,8.18,105000.0,19.68,6,18.0,61.6,0.0,0.0,0
11350.0,18.25,41600.0,17.8,1,4.0,43.9,0.0,0.0,1
6500.0,11.53,90000.0,0.41,4,4.0,19.7,0.0,0.0,0
20000.0,10.99,70000.0,17.95,6,13.0,64.8,0.0,0.0,0
10925.0,24.99,36600.0,27.7,5,6.0,62.9,1.0,0.0,0
9500.0,10.99,119000.0,2.24,1,5.0,67.1,0.0,0.0,0
3000.0,13.33,58829.0,26.67,10,26.0,55.7,0.0,0.0,0
12000.0,7.89,140000.0,9.99,5,8.0,66.7,0.0,1.0,0
5600.0,12.29,143000.0,19.36,9,13.0,69.8,0.0,0.0,0
10000.0,8.18,115000.0,14.93,10,10.0,41.6,0.0,2.0,0
5000.0,12.29,35000.0,19.48,3,4.0,61.7,0.0,1.0,0
5000.0,9.99,71232.0,22.94,2,8.0,7.9,0.0,8.0,0
2775.0,18.99,33000.0,35.42,2,11.0,74.4,0.0,0.0,0
25000.0,7.89,125000.0,22.67,9,15.0,37.8,0.0,1.0,1
25000.0,13.33,92000.0,13.11,9,7.0,95.4,0.0,0.0,1
35000.0,13.99,155000.0,29.24,10,19.0,50.9,0.0,0.0,1
2000.0,10.99,18000.0,7.4,3,3.0,36.7,0.0,0.0,0
5550.0,10.99,65000.0,13.77,10,16.0,26.4,0.0,2.0,0
4800.0,14.33,60886.0,25.8,10,10.0,70.0,0.0,0.0,0
6000.0,9.17,47000.0,22.57,2,9.0,44.0,0.0,0.0,0
22000.0,6.24,75000.0,16.54,7,10.0,54.4,0.0,0.0,0
10000.0,12.29,115000.0,7.64,10,14.0,27.9,0.0,3.0,0
14000.0,5.32,80000.0,27.03,3,13.0,63.3,0.0,0.0,0
14400.0,19.19,38000.0,19.55,1,19.0,44.7,0.0,0.0,1
10000.0,6.24,40000.0,21.72,8,22.0,25.6,0.0,0.0,0
12375.0,14.65,60000.0,23.28,10,8.0,78.2,1.0,0.0,0
25000.0,7.26,150000.0,10.0,3,12.0,17.8,0.0,0.0,0
20000.0,10.99,75000.0,26.43,1,9.0,73.3,0.0,0.0,0
8100.0,19.99,78000.0,13.75,5,14.0,46.6,0.0,1.0,0
6000.0,12.29,35000.0,6.45,3,13.0,13.2,0.0,0.0,0
16000.0,21.67,55000.0,23.61,4,6.0,45.4,1.0,0.0,0
7000.0,11.53,58000.0,20.63,10,6.0,50.1,0.0,0.0,0
5000.0,5.32,77700.0,2.25,10,10.0,19.1,1.0,0.0,0
15000.0,7.89,90000.0,17.42,10,22.0,34.8,0.0,0.0,1
24000.0,6.68,170000.0,6.68,3,7.0,46.1,0.0,2.0,0
15000.0,16.55,70000.0,7.51,0,12.0,40.0,0.0,1.0,1
13400.0,14.65,60000.0,19.86,4,10.0,74.0,0.0,0.0,1
6000.0,9.99,55000.0,25.05,3,12.0,51.2,1.0,0.0,0
7225.0,10.99,100000.0,15.61,1,14.0,83.0,0.0,6.0,0
12500.0,12.29,100000.0,12.15,10,10.0,84.8,0.0,0.0,1
5500.0,10.99,160000.0,10.81,3,10.0,32.9,4.0,0.0,0
9000.0,5.32,52000.0,20.59,2,14.0,33.7,0.0,0.0,0
10325.0,8.18,30000.0,10.2,3,9.0,48.7,0.0,0.0,0
16000.0,9.17,105000.0,12.91,7,11.0,85.6,0.0,0.0,0
3700.0,12.29,49560.0,27.27,2,8.0,14.6,0.0,0.0,0
5000.0,13.33,65000.0,24.54,10,22.0,15.7,1.0,0.0,0
5950.0,17.57,33000.0,20.77,1,7.0,68.2,0.0,0.0,0
14000.0,10.99,56000.0,27.63,3,9.0,58.4,1.0,0.0,0
8000.0,13.99,25000.0,11.83,0,4.0,62.9,0.0,0.0,0
30000.0,12.69,175000.0,6.84,10,9.0,74.3,0.0,0.0,0
3500.0,8.18,42000.0,28.61,1,8.0,52.1,0.0,0.0,0
6900.0,12.69,97172.0,21.61,5,13.0,57.9,0.0,0.0,1
20000.0,11.99,150000.0,8.58,10,4.0,78.8,0.0,0.0,0
32500.0,14.65,65000.0,21.38,10,17.0,46.1,1.0,0.0,0
13200.0,7.89,86473.0,14.39,3,19.0,95.6,0.0,1.0,0
20000.0,12.69,55000.0,33.25,10,12.0,64.3,1.0,0.0,1
20000.0,9.17,57000.0,25.35,3,17.0,46.2,0.0,0.0,1
35000.0,16.55,192000.0,8.88,5,8.0,32.6,0.0,2.0,0
15000.0,7.89,150000.0,29.99,7,18.0,83.0,0.0,0.0,0
4625.0,16.99,13000.0,25.02,0,9.0,44.7,0.0,0.0,0
6500.0,10.99,65000.0,18.0,2,11.0,53.7,0.0,0.0,0
10000.0,8.18,70000.0,13.82,6,11.0,71.8,0.0,0.0,0
35000.0,13.18,190000.0,23.57,5,11.0,69.0,0.0,0.0,0
7500.0,15.41,58000.0,14.38,9,18.0,78.0,0.0,3.0,0
6000.0,13.99,40000.0,27.57,2,5.0,78.4,0.0,0.0,0
7200.0,14.48,39750.0,19.66,2,15.0,78.4,1.0,0.0,0
6000.0,13.18,56000.0,1.69,2,2.0,22.7,0.0,0.0,0
28000.0,18.2,185000.0,11.04,3,25.0,49.4,0.0,1.0,1
10000.0,11.53,160000.0,8.67,8,11.0,70.7,0.0,0.0,0
24000.0,11.53,105000.0,14.35,2,20.0,24.6,0.0,1.0,0
3600.0,12.29,50000.0,28.44,2,13.0,64.9,0.0,0.0,0
15000.0,7.89,85000.0,13.0,10,11.0,49.8,0.0,2.0,0
16000.0,9.99,66000.0,26.73,10,10.0,82.4,0.0,0.0,1
5000.0,6.24,53000.0,22.76,5,15.0,65.7,0.0,0.0,0
12000.0,11.53,80000.0,21.0,0,14.0,37.5,0.0,0.0,0
12000.0,10.99,40000.0,26.22,4,14.0,55.0,0.0,0.0,1
3600.0,12.29,60000.0,28.29,7,14.0,16.1,0.0,1.0,0
18775.0,17.57,44712.0,30.62,3,23.0,23.1,0.0,0.0,0
7800.0,9.76,65000.0,9.44,1,13.0,8.2,0.0,0.0,0
7000.0,13.99,55000.0,21.23,3,8.0,46.8,0.0,0.0,1
7000.0,13.18,38000.0,7.55,0,11.0,37.2,0.0,0.0,0
6000.0,9.17,45000.0,14.53,4,6.0,98.8,0.0,0.0,0
20000.0,7.26,54000.0,23.31,10,12.0,52.6,0.0,0.0,0
10000.0,9.17,47000.0,18.53,4,20.0,25.0,0.0,1.0,0
7000.0,17.57,72400.0,32.65,3,16.0,74.6,0.0,0.0,1
17000.0,9.17,55000.0,25.2,10,10.0,36.2,0.0,1.0,0
10800.0,10.99,55000.0,38.14,0,22.0,62.1,1.0,0.0,1
3550.0,15.61,42000.0,35.31,4,6.0,31.5,0.0,0.0,0
35000.0,16.55,175000.0,20.94,0,22.0,59.1,0.0,0.0,1
13000.0,6.68,135000.0,9.59,10,15.0,51.2,0.0,0.0,0
20000.0,9.99,230000.0,13.71,2,16.0,52.7,0.0,0.0,0
10850.0,22.99,29000.0,22.14,1,25.0,53.4,1.0,0.0,1
15000.0,9.17,68000.0,14.33,4,6.0,59.6,1.0,0.0,1
3000.0,16.55,40000.0,34.56,5,15.0,59.7,0.0,0.0,0
4125.0,14.65,30000.0,21.96,9,11.0,42.0,0.0,0.0,0
2400.0,17.86,46750.0,34.48,10,12.0,63.3,0.0,0.0,0
10000.0,9.17,49000.0,19.62,10,8.0,42.0,0.0,0.0,0
10000.0,11.53,61000.0,11.84,6,15.0,69.3,0.0,1.0,0
15100.0,15.61,62000.0,12.33,8,7.0,54.4,0.0,0.0,1
25000.0,10.99,75000.0,13.9,0,7.0,28.0,0.0,0.0,1
5400.0,13.99,68250.0,9.02,8,6.0,97.3,0.0,0.0,0
15000.0,9.99,92000.0,13.63,1,7.0,86.9,0.0,0.0,0
8800.0,9.99,48000.0,20.93,2,10.0,77.4,2.0,0.0,0
12000.0,15.41,107000.0,35.06,10,18.0,49.3,1.0,0.0,0
20000.0,6.24,71000.0,20.38,10,11.0,54.9,0.0,0.0,0
35000.0,14.65,300000.0,7.54,10,16.0,41.1,0.0,0.0,0
14400.0,9.17,56000.0,23.83,7,12.0,45.0,0.0,0.0,1
15000.0,18.25,48000.0,22.28,7,14.0,73.8,0.0,0.0,1
30000.0,12.29,199260.0,5.46,10,12.0,62.9,0.0,0.0,0
15000.0,11.53,80000.0,24.03,10,15.0,52.1,0.0,0.0,0
9600.0,13.99,38000.0,6.57,9,7.0,27.5,0.0,0.0,0
23025.0,16.99,54837.0,24.45,6,21.0,64.3,0.0,0.0,0
35000.0,16.99,265000.0,15.87,10,22.0,69.0,0.0,0.0,0
18000.0,9.99,45000.0,25.89,4,14.0,20.9,0.0,0.0,0
10175.0,7.89,30000.0,29.81,2,11.0,2.2,0.0,0.0,0
22000.0,9.99,90000.0,6.56,1,7.0,81.5,0.0,0.0,0
20000.0,6.89,98241.0,16.25,10,12.0,64.6,0.0,0.0,0
10725.0,17.57,30000.0,3.92,10,4.0,39.7,0.0,0.0,0
21675.0,13.67,110000.0,18.5,10,13.0,61.5,0.0,6.0,0
10000.0,5.93,85000.0,2.15,3,8.0,19.7,0.0,0.0,1
2000.0,13.99,35000.0,19.34,7,10.0,65.8,0.0,0.0,0
35000.0,12.69,125000.0,30.69,10,16.0,67.9,0.0,0.0,0
28000.0,15.61,120000.0,30.73,10,11.0,93.9,0.0,3.0,0
4000.0,8.18,56408.15,20.87,7,10.0,45.7,1.0,0.0,0
21000.0,13.33,130000.0,15.15,4,20.0,55.3,1.0,0.0,0
13675.0,21.99,62000.0,13.76,7,10.0,72.7,0.0,1.0,1
20000.0,18.25,59300.0,20.01,9,5.0,75.0,0.0,0.0,0
28000.0,14.65,108118.0,15.44,10,14.0,83.1,0.0,0.0,1
14800.0,11.53,70000.0,11.64,1,13.0,39.7,0.0,0.0,0
15000.0,6.89,60000.0,14.42,4,10.0,69.9,0.0,0.0,0
10000.0,25.89,40000.0,12.33,10,15.0,41.0,0.0,3.0,1
6025.0,12.69,60000.0,36.44,5,22.0,38.2,0.0,2.0,0
9000.0,9.17,85000.0,8.82,2,13.0,40.4,0.0,1.0,0
9600.0,14.65,35000.0,14.13,2,6.0,38.1,0.0,1.0,0
15000.0,12.29,75000.0,19.82,10,15.0,44.4,0.0,0.0,0
10800.0,6.24,130000.0,19.82,8,13.0,42.9,0.0,2.0,0
10000.0,6.89,115000.0,14.61,0,14.0,73.7,0.0,0.0,0
29875.0,18.25,520000.0,2.02,1,8.0,31.9,1.0,4.0,0
35000.0,10.99,120000.0,12.53,10,18.0,26.4,0.0,0.0,0
3200.0,13.33,38000.0,15.95,8,4.0,101.1,0.0,3.0,0
12750.0,9.99,98792.0,9.17,10,12.0,55.0,0.0,0.0,0
15000.0,12.69,60000.0,21.1,0,16.0,54.3,1.0,0.0,0
7000.0,11.53,50000.0,32.31,8,28.0,62.1,0.0,5.0,0
5000.0,8.18,56000.0,6.56,10,11.0,21.4,0.0,0.0,0
22650.0,13.18,75000.0,12.72,0,11.0,46.7,2.0,2.0,1
20075.0,12.29,88000.0,14.09,3,13.0,35.8,0.0,0.0,0
7000.0,5.32,120000.0,20.03,5,10.0,58.4,0.0,0.0,0
6000.0,6.89,60000.0,27.62,8,12.0,55.5,0.0,0.0,0
23925.0,17.57,65000.0,29.43,10,10.0,61.7,0.0,1.0,0
4200.0,10.99,46600.0,34.1,10,9.0,46.0,0.0,0.0,0
19200.0,7.26,103000.0,8.4,10,7.0,61.7,0.0,0.0,0
6000.0,9.17,41000.0,24.77,10,12.0,65.8,0.0,1.0,0
10000.0,24.5,40000.0,11.65,10,6.0,38.4,0.0,0.0,1
18000.0,6.68,100000.0,23.6,3,10.0,58.8,0.0,0.0,0
15000.0,18.55,55000.0,37.42,7,14.0,76.8,1.0,0.0,0
13000.0,11.53,72000.0,30.2,10,17.0,39.6,0.0,0.0,0
7000.0,6.24,80000.0,24.36,8,26.0,38.3,0.0,0.0,0
25000.0,16.99,65000.0,23.08,1,16.0,43.1,0.0,1.0,0
35000.0,19.99,102000.0,13.42,8,10.0,64.2,1.0,0.0,0
15000.0,11.99,60000.0,23.54,0,8.0,52.4,0.0,0.0,0
10000.0,10.99,57000.0,10.16,10,10.0,73.5,0.0,0.0,0
16000.0,13.99,300000.0,17.53,5,18.0,49.8,0.0,0.0,0
32000.0,18.25,70000.0,36.45,2,10.0,65.6,0.0,0.0,0
9600.0,16.55,40000.0,16.29,3,10.0,52.6,1.0,0.0,0
15000.0,6.89,170000.0,18.06,2,13.0,34.7,0.0,0.0,0
12000.0,13.99,40000.0,18.09,10,7.0,65.8,0.0,1.0,0
12000.0,7.89,40000.0,23.01,3,20.0,43.9,0.0,0.0,0
12000.0,11.53,70000.0,10.09,2,5.0,35.3,0.0,0.0,0
7200.0,15.77,54000.0,33.56,4,25.0,44.0,0.0,0.0,0
12800.0,18.25,40000.0,15.3,10,16.0,45.9,1.0,0.0,1
9900.0,19.19,135000.0,7.96,10,9.0,52.5,1.0,1.0,1
15000.0,12.29,52000.0,14.84,10,9.0,35.7,0.0,0.0,0
15000.0,8.18,80000.0,16.52,10,11.0,67.3,0.0,1.0,0
24000.0,13.33,154000.0,10.83,3,11.0,61.1,2.0,0.0,1
8000.0,12.69,55000.0,16.6,10,11.0,55.7,0.0,0.0,1
3000.0,10.99,45000.0,35.44,0,16.0,4.5,0.0,1.0,0
6000.0,9.17,25000.0,18.72,2,27.0,35.1,0.0,0.0,0
21000.0,8.18,225000.0,6.06,5,7.0,72.1,0.0,0.0,0
24000.0,19.19,65000.0,12.08,9,9.0,19.9,1.0,0.0,0
18100.0,16.55,58000.0,26.11,9,11.0,54.9,0.0,2.0,0
12000.0,9.17,85000.0,22.02,10,5.0,46.6,0.0,0.0,0
13000.0,9.99,63700.0,20.2,0,10.0,36.1,0.0,1.0,0
10000.0,6.39,36000.0,16.33,0,12.0,30.1,0.0,0.0,0
13000.0,6.68,67000.0,9.93,10,9.0,26.6,0.0,0.0,0
8400.0,13.33,50000.0,32.0,7,10.0,46.3,1.0,0.0,0
8000.0,15.61,78000.0,20.2,4,12.0,68.9,1.0,0.0,0
8550.0,17.57,31500.0,24.65,7,15.0,68.0,0.0,0.0,0
9000.0,9.99,63000.0,9.1,10,8.0,31.7,0.0,0.0,0
24000.0,9.99,85000.0,20.77,10,16.0,54.5,0.0,0.0,1
3500.0,12.69,44000.0,21.06,2,18.0,4.7,1.0,0.0,0
21175.0,14.65,90888.0,20.56,10,16.0,61.0,0.0,0.0,0
25000.0,16.99,85000.0,6.25,10,10.0,81.0,2.0,1.0,1
35000.0,9.99,100000.0,26.46,10,18.0,83.5,0.0,0.0,0
30000.0,23.99,80000.0,27.05,10,26.0,21.1,0.0,0.0,0
13000.0,12.29,70000.0,1.8,5,3.0,51.6,0.0,0.0,0
11200.0,17.86,70000.0,30.02,8,15.0,50.8,0.0,0.0,0
7200.0,15.77,55000.0,17.35,0,24.0,69.0,1.0,0.0,0
6000.0,7.26,93000.0,10.42,3,7.0,22.0,0.0,0.0,0
22600.0,19.19,66500.0,20.09,8,9.0,8.4,0.0,0.0,1
7650.0,16.55,37500.0,4.03,10,3.0,54.4,0.0,0.0,0
11000.0,9.17,57000.0,15.05,10,4.0,98.9,0.0,0.0,0
26900.0,15.61,117000.0,26.28,10,15.0,67.7,0.0,0.0,0
5000.0,11.49,37000.0,15.28,3,7.0,47.8,0.0,0.0,0
10650.0,12.59,30000.0,3.16,1,4.0,29.2,2.0,0.0,0
18700.0,13.33,52000.0,30.23,10,23.0,34.7,0.0,0.0,0
10000.0,16.55,25000.0,19.54,8,8.0,26.3,0.0,0.0,0
8000.0,5.32,60000.0,9.71,0,13.0,2.9,0.0,0.0,0
14000.0,18.99,50000.0,18.7,2,6.0,100.0,0.0,0.0,0
20000.0,11.99,320000.0,26.27,10,26.0,72.0,0.0,0.0,0
2800.0,12.29,91000.0,15.02,10,8.0,75.4,0.0,1.0,0
9050.0,20.99,44900.0,14.89,10,12.0,15.4,0.0,0.0,1
15000.0,7.26,95000.0,8.68,10,13.0,46.9,0.0,0.0,0
35000.0,16.99,100000.0,16.34,9,19.0,25.9,0.0,3.0,0
5000.0,12.29,70000.0,19.73,0,11.0,22.1,0.0,1.0,1
5000.0,9.99,18000.0,8.6,1,2.0,69.3,0.0,0.0,0
10000.0,9.76,39000.0,14.46,0,12.0,35.7,0.0,0.0,0
13000.0,6.89,80000.0,15.41,10,23.0,62.0,2.0,0.0,0
7825.0,12.59,55000.0,13.29,6,11.0,43.1,1.0,2.0,0
20000.0,9.99,60000.0,5.76,4,6.0,45.0,0.0,0.0,0
11500.0,10.99,50000.0,8.5,3,11.0,31.7,0.0,1.0,0
28000.0,9.99,135000.0,14.12,10,17.0,17.8,0.0,3.0,0
28000.0,22.45,93000.0,17.73,8,14.0,33.5,0.0,0.0,0
12000.0,8.18,60000.0,20.36,2,28.0,41.5,0.0,0.0,0
5000.0,6.92,45000.0,24.72,10,10.0,19.0,0.0,1.0,0
12500.0,5.32,45000.0,26.05,10,7.0,39.2,0.0,0.0,0
17000.0,12.69,52800.0,19.18,10,9.0,81.1,0.0,0.0,0
13000.0,7.26,45000.0,15.79,3,12.0,32.6,0.0,0.0,0
14000.0,9.99,45000.0,18.61,0,18.0,73.7,0.0,0.0,0
15150.0,13.33,57000.0,13.58,7,7.0,35.0,1.0,0.0,0
26000.0,18.55,152250.0,18.58,0,11.0,80.3,0.0,0.0,1
16500.0,13.99,80000.0,6.2,5,6.0,25.8,0.0,3.0,0
10000.0,8.38,48000.0,15.8,2,7.0,51.7,0.0,0.0,1
7500.0,18.25,23000.0,26.74,3,10.0,39.2,0.0,0.0,0
14000.0,8.18,152000.0,11.03,3,28.0,37.9,0.0,0.0,1
6000.0,7.89,73500.0,22.28,3,14.0,69.7,0.0,0.0,1
15500.0,9.17,86900.0,8.3,4,7.0,80.7,0.0,0.0,0
16000.0,6.39,125000.0,12.29,10,8.0,31.1,0.0,0.0,0
12000.0,13.99,85000.0,15.93,5,7.0,58.8,0.0,0.0,1
10000.0,14.48,75000.0,24.22,7,22.0,62.4,0.0,0.0,1
1200.0,9.99,35000.0,20.61,10,8.0,27.1,0.0,1.0,0
12000.0,9.17,62000.0,10.98,10,7.0,53.1,0.0,0.0,0
4500.0,12.29,56000.0,20.21,4,16.0,49.1,3.0,0.0,1
10125.0,13.99,93000.0,34.71,10,21.0,38.7,0.0,1.0,0
11775.0,16.99,40000.0,26.7,10,10.0,84.3,0.0,1.0,1
10800.0,23.99,39000.0,26.52,10,14.0,38.7,2.0,0.0,1
15000.0,19.52,69000.0,22.42,9,16.0,82.0,0.0,0.0,1
10000.0,15.61,88000.0,12.97,5,6.0,97.2,0.0,0.0,1
28600.0,19.99,65000.0,18.21,2,9.0,35.0,0.0,1.0,1
12500.0,7.26,75000.0,22.05,10,10.0,68.8,1.0,0.0,0
5000.0,6.39,52000.0,9.9,8,5.0,23.1,0.0,0.0,0
26000.0,15.41,60000.0,12.0,0,9.0,75.9,0.0,0.0,0
35000.0,7.89,156000.0,14.44,10,19.0,65.6,0.0,0.0,0
15000.0,17.86,48000.0,28.08,6,12.0,68.3,1.0,0.0,1
7250.0,10.99,61526.4,18.08,3,6.0,98.1,0.0,0.0,0
8400.0,10.99,32000.0,25.36,1,12.0,24.8,0.0,0.0,0
10000.0,11.53,25000.0,16.75,8,5.0,77.1,1.0,0.0,0
11000.0,13.99,72000.0,15.13,0,7.0,66.1,0.0,0.0,0
7500.0,7.89,33000.0,27.2,10,14.0,37.3,0.0,0.0,0
27500.0,17.57,55000.0,16.96,10,7.0,95.0,0.0,1.0,0
11300.0,16.55,29000.0,22.39,10,12.0,36.0,0.0,0.0,0
2400.0,17.86,25000.0,10.32,10,5.0,26.3,0.0,0.0,1
10000.0,10.99,60000.0,22.8,10,27.0,45.3,0.0,1.0,0
16800.0,25.78,40000.0,6.24,5,4.0,0.0,0.0,0.0,1
12800.0,6.89,55000.0,12.41,2,5.0,0.6,0.0,0.0,0
20000.0,13.99,48000.0,22.05,10,6.0,92.5,0.0,0.0,1
4500.0,15.61,29000.0,16.98,5,14.0,28.8,0.0,0.0,1
21000.0,18.49,85000.0,16.96,10,9.0,56.1,0.0,0.0,0
30000.0,9.99,200000.0,6.22,10,6.0,68.0,0.0,2.0,0
22000.0,8.18,57000.0,15.81,10,12.0,19.1,0.0,0.0,0
10000.0,6.39,42429.0,14.14,5,12.0,57.8,0.0,0.0,0
1500.0,12.69,58000.0,27.44,10,7.0,18.0,1.0,7.0,0
14325.0,18.25,73000.0,22.65,10,7.0,36.8,0.0,0.0,0
15000.0,13.18,37440.0,33.27,0,22.0,60.2,0.0,0.0,0
15000.0,9.99,104000.0,29.53,10,19.0,47.5,0.0,0.0,0
23000.0,24.99,99000.0,28.2,10,14.0,85.6,0.0,2.0,1
4125.0,13.18,42000.0,23.43,3,11.0,24.0,0.0,1.0,1
15800.0,7.26,55000.0,15.17,1,13.0,44.9,0.0,1.0,0
15000.0,10.99,60000.0,20.3,10,12.0,10.7,0.0,1.0,0
2800.0,15.61,52000.0,22.16,3,11.0,62.4,0.0,0.0,0
10000.0,7.89,50000.0,12.43,10,3.0,97.0,0.0,0.0,0
15000.0,13.33,104000.0,4.3,1,6.0,3.4,0.0,0.0,1
8000.0,11.53,31000.0,30.82,8,12.0,50.3,1.0,0.0,0
14000.0,9.17,80000.0,9.72,5,15.0,18.4,0.0,0.0,0
17950.0,19.19,65000.0,27.22,10,8.0,42.6,0.0,0.0,1
5000.0,9.99,30000.0,24.32,1,7.0,41.6,0.0,0.0,0
1000.0,13.99,55000.0,25.77,3,10.0,80.6,0.0,0.0,0
9000.0,6.24,48000.0,20.65,10,8.0,56.7,0.0,0.0,0
18975.0,16.55,60000.0,15.68,2,8.0,26.8,0.0,6.0,0
12000.0,17.57,45000.0,21.12,2,7.0,50.9,0.0,0.0,1
3700.0,15.61,60000.0,28.88,10,14.0,100.2,0.0,1.0,0
28000.0,5.32,95000.0,12.47,10,16.0,7.0,0.0,0.0,0
2500.0,13.99,40000.0,18.76,0,10.0,19.2,0.0,0.0,1
19000.0,13.67,137000.0,39.63,10,15.0,73.6,0.0,0.0,0
15600.0,26.77,42000.0,15.91,9,10.0,7.0,2.0,0.0,0
15000.0,5.32,52340.0,22.04,4,19.0,16.9,0.0,0.0,0
22400.0,12.29,125000.0,9.96,10,10.0,74.2,0.0,1.0,0
16000.0,10.99,52000.0,16.87,0,4.0,57.1,0.0,0.0,0
5000.0,6.89,45000.0,18.5,10,9.0,15.9,0.0,0.0,0
10000.0,9.17,100000.0,2.68,4,15.0,16.1,0.0,3.0,0
5000.0,13.18,54000.0,24.4,10,6.0,64.6,0.0,0.0,0
24675.0,13.33,96500.0,34.26,10,22.0,62.9,0.0,0.0,0
7450.0,6.89,33000.0,33.45,0,14.0,32.9,0.0,0.0,0
6800.0,17.57,145000.0,12.07,6,12.0,59.0,0.0,0.0,0
9625.0,16.55,30000.0,15.76,8,6.0,80.6,0.0,0.0,0
20400.0,6.39,80000.0,26.55,0,18.0,54.2,0.0,1.0,0
9500.0,12.29,62000.0,20.77,10,19.0,70.2,6.0,0.0,0
30000.0,12.29,87000.0,16.14,3,13.0,91.0,0.0,1.0,0
5000.0,10.99,30000.0,24.06,8,5.0,43.0,1.0,0.0,0
16000.0,14.65,200000.0,6.42,2,7.0,50.2,0.0,0.0,0
4000.0,9.17,50000.0,7.01,10,14.0,23.4,1.0,0.0,0
11875.0,23.99,33000.0,18.18,5,6.0,55.3,0.0,0.0,1
27200.0,13.99,95000.0,10.71,0,8.0,70.6,0.0,0.0,1
15000.0,10.64,50000.0,21.44,10,10.0,73.4,0.0,0.0,0
14000.0,16.55,28000.0,22.07,6,9.0,25.2,1.0,0.0,0
35000.0,16.99,95000.0,26.62,1,12.0,72.0,0.0,1.0,0
1000.0,12.69,62000.0,29.89,10,16.0,80.6,0.0,0.0,1
15000.0,14.65,80000.0,18.96,10,21.0,78.2,0.0,1.0,0
8300.0,16.99,32500.0,26.99,10,11.0,57.0,0.0,0.0,1
1000.0,9.99,64000.0,18.0,10,18.0,31.9,0.0,0.0,0
12500.0,9.17,85000.0,34.29,10,9.0,52.1,0.0,0.0,1
5000.0,6.89,33000.0,3.64,5,4.0,9.6,0.0,0.0,0
20675.0,15.41,70000.0,20.56,10,9.0,26.8,0.0,0.0,1
12000.0,9.17,45000.0,31.47,2,13.0,81.2,0.0,1.0,0
19000.0,13.99,68000.0,22.98,2,8.0,72.6,0.0,0.0,0
10000.0,13.33,50000.0,4.27,10,13.0,10.7,0.0,0.0,1
14000.0,6.49,42000.0,19.17,10,9.0,21.2,0.0,0.0,0
12600.0,14.65,55000.0,16.78,10,5.0,93.1,0.0,0.0,1
28750.0,18.49,62500.0,19.35,5,13.0,57.0,0.0,0.0,0
8000.0,12.05,40000.0,12.03,0,5.0,69.9,0.0,0.0,0
14000.0,10.99,125000.0,17.73,2,17.0,37.4,0.0,0.0,0
8000.0,7.89,50000.0,34.06,4,8.0,82.5,0.0,0.0,0
2500.0,6.24,94000.0,24.68,10,10.0,56.5,0.0,0.0,0
19425.0,16.55,42241.0,29.65,2,13.0,68.3,0.0,0.0,0
1800.0,13.33,45000.0,30.35,10,12.0,63.3,1.0,0.0,0
20000.0,13.99,98000.0,29.22,3,17.0,77.9,0.0,1.0,0
30000.0,19.99,98000.0,21.06,3,13.0,90.0,0.0,2.0,0
8000.0,9.17,81000.0,18.24,2,14.0,61.0,0.0,0.0,0
8000.0,5.32,110000.0,7.39,3,8.0,19.1,0.0,0.0,0
20000.0,6.89,50000.0,14.67,0,19.0,81.1,0.0,0.0,1
12000.0,8.18,95000.0,3.49,0,4.0,69.0,0.0,0.0,0
20000.0,13.18,65000.0,21.64,10,11.0,83.9,0.0,0.0,0
30000.0,21.99,62000.0,5.09,10,4.0,49.8,0.0,0.0,0
10000.0,7.89,85000.0,12.89,5,7.0,43.7,0.0,0.0,0
28000.0,11.53,101000.0,29.59,10,9.0,91.7,0.0,3.0,1
18800.0,12.29,47000.0,14.22,0,5.0,54.6,0.0,0.0,0
12150.0,18.25,45000.0,28.05,10,10.0,83.3,0.0,0.0,0
15000.0,19.52,62000.0,28.42,5,9.0,38.0,0.0,1.0,0
5000.0,14.65,70000.0,5.06,0,10.0,20.8,0.0,0.0,0
15575.0,7.89,58638.0,12.12,0,9.0,52.5,0.0,1.0,0
15000.0,16.55,81000.0,13.57,10,11.0,66.3,1.0,0.0,0
6000.0,8.18,112673.0,7.7,7,10.0,62.9,0.0,0.0,0
5000.0,5.32,50000.0,5.57,10,17.0,8.1,0.0,2.0,0
2000.0,15.61,43000.0,21.96,0,6.0,54.7,0.0,0.0,1
5000.0,11.49,55000.0,24.37,1,7.0,72.6,0.0,0.0,0
15000.0,18.25,92500.0,10.21,2,13.0,20.2,3.0,2.0,0
24000.0,8.18,95000.0,23.5,2,13.0,61.9,0.0,1.0,0
12000.0,13.33,30000.0,18.16,3,17.0,39.2,0.0,0.0,1
10000.0,6.24,74000.0,16.66,2,6.0,50.8,0.0,0.0,0
18000.0,7.89,96168.0,15.2,10,12.0,48.9,0.0,0.0,0
12300.0,8.18,35000.0,30.42,9,7.0,34.7,0.0,0.0,0
35000.0,11.53,98400.0,26.65,10,19.0,39.3,0.0,0.0,1
5000.0,14.65,32000.0,25.21,3,11.0,0.0,0.0,8.0,1
30000.0,16.55,185000.0,6.42,10,5.0,84.0,3.0,0.0,1
17000.0,9.17,58868.0,23.51,6,16.0,38.1,0.0,0.0,0
10000.0,12.29,82000.0,14.93,10,9.0,29.9,0.0,0.0,0
15000.0,8.18,106000.0,8.24,10,16.0,63.1,2.0,1.0,0
10800.0,14.65,36000.0,18.17,7,13.0,65.8,0.0,2.0,1
5500.0,6.89,85000.0,11.27,7,5.0,50.5,0.0,0.0,0
30000.0,12.29,118000.0,10.5,10,7.0,56.3,0.0,0.0,0
10000.0,11.53,77213.0,16.55,2,8.0,92.7,0.0,0.0,0
12800.0,12.69,110000.0,15.72,0,12.0,90.6,0.0,0.0,0
4500.0,12.29,73000.0,17.28,10,9.0,76.4,0.0,1.0,0
5000.0,6.24,153000.0,12.41,7,17.0,74.6,0.0,0.0,0
21100.0,14.65,63000.0,30.29,6,11.0,71.4,0.0,0.0,0
3500.0,6.68,80000.0,16.05,4,9.0,28.7,0.0,2.0,0
7850.0,18.99,65000.0,22.08,1,11.0,90.0,0.0,0.0,0
15000.0,12.29,40000.0,12.75,8,9.0,42.3,0.0,1.0,0
28000.0,7.89,110000.0,27.22,10,17.0,62.9,0.0,0.0,0
10500.0,6.89,76000.0,12.28,10,26.0,2.4,0.0,0.0,0
28000.0,6.24,145000.0,10.54,10,13.0,50.9,0.0,0.0,0
16800.0,14.65,52000.0,20.96,2,7.0,40.0,1.0,2.0,0
9500.0,16.99,38000.0,38.09,10,19.0,56.5,0.0,0.0,1
12000.0,16.99,70000.0,25.95,10,19.0,43.4,0.0,1.0,0
15000.0,14.65,53000.0,21.06,5,12.0,12.3,0.0,2.0,0
20000.0,11.53,120000.0,9.85,4,9.0,38.2,1.0,0.0,0
25000.0,5.32,160000.0,17.12,10,24.0,20.8,0.0,0.0,0
12000.0,18.99,30000.0,33.28,3,9.0,83.3,0.0,1.0,0
12500.0,19.19,75000.0,9.2,2,7.0,11.2,1.0,0.0,0
21000.0,13.99,95000.0,9.97,10,15.0,35.4,0.0,1.0,0
10000.0,16.99,35000.0,30.69,2,14.0,60.9,0.0,0.0,0
14000.0,6.24,70000.0,14.02,4,8.0,74.1,0.0,1.0,0
12000.0,12.69,42000.0,27.19,3,11.0,41.9,0.0,0.0,0
6375.0,13.99,32000.0,16.84,8,1.0,60.8,0.0,0.0,0
19925.0,26.99,55400.0,19.41,3,12.0,68.5,0.0,0.0,0
5850.0,13.99,21500.0,39.75,8,16.0,20.2,0.0,0.0,0
15000.0,7.89,56000.0,11.44,8,5.0,4.2,0.0,0.0,0
15000.0,13.33,58600.0,31.11,2,24.0,47.8,0.0,0.0,1
4775.0,19.19,16000.0,32.63,5,11.0,14.6,0.0,1.0,0
28000.0,6.89,150000.0,16.38,10,12.0,48.7,0.0,0.0,1
13200.0,12.29,53000.0,19.18,10,5.0,89.4,0.0,0.0,0
6000.0,8.18,72000.0,17.83,0,13.0,23.6,0.0,0.0,0
6000.0,12.29,49450.0,15.58,10,9.0,59.6,1.0,0.0,1
12000.0,5.32,65000.0,7.89,1,10.0,32.6,0.0,0.0,0
8000.0,11.53,50000.0,12.84,5,8.0,82.2,0.0,1.0,0
7675.0,18.55,75000.0,3.7,10,11.0,49.0,0.0,0.0,0
5000.0,9.99,72000.0,6.17,8,6.0,44.0,0.0,1.0,0
10000.0,12.69,130000.0,20.47,10,7.0,80.4,0.0,0.0,1
6000.0,9.17,95000.0,11.95,3,3.0,21.9,0.0,0.0,1
2500.0,12.69,33000.0,19.49,10,14.0,45.0,1.0,0.0,0
25000.0,19.99,105000.0,30.87,10,24.0,20.3,0.0,2.0,1
28000.0,7.89,96000.0,17.54,5,7.0,44.3,0.0,0.0,0
15000.0,6.92,60000.0,21.28,10,11.0,60.3,0.0,0.0,0
24675.0,13.33,85000.0,33.64,9,21.0,45.9,0.0,0.0,1
5000.0,7.89,70000.0,21.4,3,16.0,7.0,0.0,0.0,0
15000.0,6.92,140000.0,16.2,8,15.0,30.2,0.0,0.0,0
25000.0,7.26,93000.0,29.73,6,19.0,70.3,0.0,0.0,0
10150.0,13.99,132000.0,34.35,10,5.0,60.8,0.0,5.0,0
13025.0,16.99,71300.0,28.55,5,12.0,17.7,0.0,0.0,1
35000.0,18.55,75000.0,20.0,8,8.0,41.8,0.0,0.0,1
9100.0,7.49,68000.0,19.31,0,10.0,40.2,0.0,0.0,0
25200.0,19.99,63000.0,5.18,10,12.0,37.9,2.0,3.0,0
10000.0,11.53,36000.0,14.9,2,3.0,84.2,0.0,0.0,0
18000.0,16.55,50000.0,29.74,2,18.0,44.3,0.0,0.0,0
10000.0,14.33,45000.0,31.23,10,20.0,55.3,1.0,0.0,1
7000.0,12.29,23000.0,37.63,3,8.0,24.3,0.0,3.0,0
1000.0,14.65,175000.0,17.76,1,15.0,89.9,0.0,0.0,1
10800.0,12.59,50000.0,11.91,3,6.0,71.4,1.0,0.0,1
13175.0,17.86,105000.0,24.57,10,16.0,26.1,0.0,2.0,0
20000.0,12.69,90000.0,18.07,1,17.0,59.6,0.0,0.0,0
20400.0,7.89,89000.0,15.49,10,13.0,44.1,0.0,0.0,0
16000.0,12.29,55000.0,11.56,10,6.0,59.8,0.0,0.0,0
13825.0,16.99,47400.0,38.73,1,7.0,95.3,0.0,0.0,0
10000.0,14.65,117000.0,7.85,0,4.0,86.0,1.0,2.0,0
6000.0,13.18,40000.0,34.8,6,15.0,20.6,3.0,0.0,0
10000.0,15.61,58000.0,10.99,5,6.0,14.5,0.0,1.0,0
35000.0,9.17,250000.0,8.64,3,13.0,76.0,0.0,0.0,0
11700.0,6.89,68000.0,12.53,10,9.0,92.0,0.0,1.0,0
19425.0,16.99,57012.0,26.13,9,12.0,83.5,0.0,0.0,0
6000.0,5.32,63000.0,17.52,3,10.0,5.6,0.0,0.0,0
12000.0,12.29,65000.0,33.29,10,16.0,48.6,0.0,0.0,0
24000.0,8.38,65000.0,23.25,10,7.0,15.6,0.0,0.0,1
16000.0,20.99,40000.0,27.83,7,18.0,55.9,1.0,0.0,1
18000.0,10.64,110000.0,9.48,1,18.0,15.1,1.0,0.0,1
35000.0,16.99,91000.0,10.38,3,9.0,15.3,0.0,0.0,0
35000.0,20.99,150000.0,12.22,10,14.0,67.0,0.0,0.0,1
16000.0,16.55,45000.0,33.41,2,17.0,55.2,0.0,0.0,1
8000.0,8.18,30000.0,19.13,0,9.0,39.9,0.0,1.0,1
5500.0,16.55,70000.0,9.84,1,8.0,55.6,1.0,0.0,0
7000.0,10.64,41300.0,11.97,10,9.0,23.8,1.0,0.0,0
21000.0,17.57,60000.0,13.12,6,9.0,70.8,0.0,0.0,1
21000.0,12.29,80000.0,17.25,3,13.0,63.7,0.0,0.0,0
16125.0,12.69,50000.0,14.07,1,13.0,5.5,0.0,0.0,0
7500.0,9.76,52000.0,14.54,1,14.0,26.2,1.0,1.0,0
10000.0,12.05,35000.0,27.13,1,8.0,53.1,0.0,1.0,0
7200.0,8.18,47000.0,14.38,4,6.0,96.7,0.0,1.0,0
5000.0,12.29,42000.0,26.8,6,13.0,8.9,0.0,0.0,0
18000.0,11.22,67000.0,7.86,10,13.0,40.9,0.0,0.0,0
6300.0,9.17,25500.0,27.67,3,3.0,93.0,0.0,0.0,0
8875.0,9.76,66000.0,29.45,10,10.0,70.3,1.0,0.0,0
23575.0,9.76,74900.0,21.55,10,18.0,73.5,0.0,0.0,0
6350.0,16.99,50000.0,13.8,2,13.0,50.9,0.0,0.0,1
8400.0,11.53,49000.0,19.54,3,18.0,19.1,0.0,0.0,0
3500.0,6.68,60000.0,15.68,6,19.0,16.0,0.0,0.0,0
28000.0,6.24,153000.0,10.72,10,10.0,62.8,0.0,0.0,0
30000.0,19.19,78600.0,28.27,10,28.0,49.6,0.0,0.0,0
22350.0,18.55,58000.0,20.79,10,13.0,48.9,0.0,0.0,1
6000.0,7.89,95000.0,4.6,6,16.0,30.3,2.0,0.0,0
15450.0,21.99,31165.0,19.18,10,8.0,78.0,0.0,0.0,0
31000.0,12.69,129000.0,34.0,10,15.0,60.3,0.0,0.0,0
13850.0,13.99,55000.0,33.08,10,12.0,52.3,0.0,1.0,0
14900.0,12.29,90000.0,4.21,3,7.0,76.8,0.0,0.0,0
12500.0,5.32,90000.0,4.96,1,7.0,37.8,0.0,0.0,0
25000.0,8.18,65000.0,27.68,5,20.0,54.7,0.0,0.0,0
13000.0,6.89,50000.0,27.84,7,17.0,58.2,0.0,0.0,0
4800.0,14.65,65000.0,37.68,10,25.0,89.6,0.0,0.0,0
25575.0,9.17,391000.0,20.39,6,16.0,67.6,0.0,0.0,0
18175.0,18.2,36374.0,31.84,1,8.0,33.6,0.0,0.0,0
35000.0,21.99,118000.0,20.15,10,17.0,60.3,0.0,1.0,1
18000.0,10.99,40000.0,38.71,4,11.0,36.4,0.0,0.0,1
11000.0,12.69,97000.0,13.96,4,7.0,39.0,0.0,0.0,0
15000.0,5.32,50000.0,21.92,10,13.0,13.4,0.0,0.0,0
20575.0,19.19,50000.0,32.87,4,23.0,55.2,0.0,0.0,1
15000.0,15.41,74000.0,24.52,4,13.0,58.2,0.0,0.0,0
1400.0,13.33,29965.0,33.0,8,9.0,40.2,0.0,0.0,0
35000.0,13.18,700000.0,6.23,7,23.0,16.1,0.0,3.0,0
25000.0,6.89,102000.0,1.0,10,10.0,3.7,0.0,0.0,0
11200.0,9.17,32000.0,21.76,7,9.0,28.6,0.0,0.0,0
24000.0,9.76,83000.0,7.07,10,6.0,9.1,0.0,0.0,1
6000.0,12.69,48572.0,13.91,0,8.0,96.2,0.0,0.0,0
9125.0,18.55,60000.0,25.36,7,9.0,95.8,0.0,0.0,0
24800.0,12.29,56500.0,26.32,2,13.0,57.7,0.0,0.0,0
3000.0,12.29,80000.0,10.43,10,11.0,31.0,1.0,0.0,0
10000.0,17.86,30000.0,21.4,4,8.0,44.3,0.0,0.0,1
29000.0,12.29,150000.0,12.9,4,13.0,80.7,0.0,1.0,0
12000.0,12.69,70000.0,17.68,10,5.0,68.9,0.0,2.0,0
6700.0,7.49,75000.0,24.31,10,19.0,34.1,0.0,1.0,0
6000.0,10.99,100000.0,18.94,3,8.0,44.5,0.0,0.0,0
22000.0,12.69,55000.0,26.49,4,19.0,20.7,1.0,0.0,1
11000.0,14.65,60000.0,30.06,1,10.0,78.1,0.0,1.0,1
25000.0,5.32,250000.0,13.99,2,20.0,35.7,0.0,0.0,0
11550.0,12.69,34000.0,18.96,1,14.0,84.0,0.0,0.0,0
35000.0,15.61,210000.0,26.4,6,23.0,76.2,0.0,0.0,1
25000.0,12.59,115000.0,15.68,5,10.0,76.5,0.0,0.0,0
7000.0,9.17,89000.0,20.38,2,16.0,29.5,0.0,0.0,0
28600.0,18.55,65000.0,34.92,10,21.0,72.8,0.0,0.0,1
8400.0,8.18,80000.0,25.76,3,10.0,53.0,1.0,0.0,0
21000.0,16.99,150000.0,15.97,4,18.0,72.6,0.0,0.0,0
7500.0,9.99,75000.0,19.18,10,10.0,78.3,0.0,0.0,0
14375.0,19.52,40000.0,36.6,2,11.0,92.5,0.0,0.0,0
9000.0,7.26,65000.0,6.55,5,6.0,36.0,0.0,0.0,0
19500.0,16.99,39000.0,25.26,7,15.0,43.4,0.0,0.0,0
20400.0,6.24,95000.0,27.87,6,18.0,25.5,0.0,0.0,0
11000.0,10.99,53000.0,18.86,2,7.0,10.4,1.0,0.0,0
14500.0,6.24,88900.0,15.29,4,6.0,67.0,0.0,1.0,0
26000.0,6.24,80000.0,30.75,1,15.0,58.0,0.0,4.0,0
10000.0,14.65,70000.0,12.05,3,15.0,83.0,0.0,2.0,1
8500.0,5.93,80000.0,2.78,10,5.0,35.4,0.0,0.0,0
15000.0,7.89,81000.0,23.51,9,11.0,75.2,0.0,1.0,0
6000.0,7.89,55000.0,11.87,2,10.0,14.9,0.0,0.0,0
3000.0,6.89,50000.0,11.74,10,16.0,20.7,0.0,0.0,0
12000.0,10.64,73000.0,8.75,5,7.0,67.3,0.0,2.0,0
20000.0,22.99,105000.0,15.43,0,14.0,36.7,0.0,0.0,0
14075.0,16.99,32000.0,19.43,10,20.0,8.2,0.0,0.0,0
6600.0,7.26,175000.0,11.18,0,18.0,41.6,0.0,0.0,0
3200.0,11.53,55000.0,8.28,0,11.0,30.7,0.0,3.0,0
18000.0,9.8,110000.0,13.92,0,14.0,28.3,0.0,0.0,0
15000.0,12.69,107000.0,4.64,10,11.0,50.1,0.0,0.0,0
16000.0,7.26,85000.0,24.51,9,14.0,55.7,0.0,0.0,0
15000.0,7.26,70000.0,24.26,10,9.0,38.4,0.0,0.0,1
24000.0,8.18,100000.0,27.27,7,21.0,49.6,0.0,0.0,0
12000.0,7.26,60000.0,24.38,8,14.0,28.6,0.0,0.0,0
18000.0,13.33,43000.0,14.99,1,11.0,85.3,0.0,0.0,0
4800.0,15.61,27000.0,34.76,10,8.0,35.4,0.0,2.0,0
35000.0,9.99,360000.0,4.2,2,10.0,72.8,0.0,0.0,0
8000.0,12.29,50000.0,13.61,2,11.0,74.3,0.0,0.0,0
2500.0,7.26,130667.0,19.63,10,11.0,65.9,0.0,0.0,0
3000.0,12.69,56000.0,8.44,2,5.0,78.4,0.0,0.0,0
11000.0,11.53,79000.0,28.52,8,21.0,59.1,0.0,0.0,1
4500.0,9.99,45000.0,6.88,0,12.0,45.4,0.0,0.0,0
4600.0,8.18,162000.0,39.33,10,18.0,55.1,0.0,0.0,1
8800.0,6.89,60000.0,5.02,8,7.0,77.7,0.0,0.0,0
12350.0,17.86,60000.0,20.78,2,15.0,25.9,1.0,0.0,1
21375.0,12.69,70000.0,18.43,10,14.0,81.6,0.0,1.0,0
8000.0,13.33,38000.0,36.99,10,12.0,53.9,0.0,0.0,1
11200.0,7.26,120000.0,14.92,10,19.0,20.5,1.0,0.0,0
22500.0,11.53,60000.0,22.16,10,9.0,73.1,0.0,0.0,0
16000.0,7.89,70000.0,5.67,0,5.0,65.2,0.0,0.0,0
16000.0,7.89,67000.0,20.04,7,5.0,73.5,0.0,0.0,0
26400.0,23.99,101000.0,24.58,10,20.0,67.0,0.0,0.0,0
15000.0,13.33,79000.0,28.46,10,11.0,86.1,0.0,0.0,0
9000.0,12.29,50000.0,16.9,10,12.0,56.9,2.0,1.0,1
10000.0,6.89,190000.0,8.47,10,22.0,34.2,0.0,3.0,1
1500.0,12.69,70000.0,30.86,10,17.0,0.2,1.0,0.0,0
19200.0,24.99,76000.0,15.84,10,5.0,98.9,0.0,0.0,1
15000.0,7.26,85000.0,24.49,10,20.0,57.9,0.0,0.0,0
35000.0,9.17,320000.0,24.84,10,23.0,31.0,0.0,0.0,0
10000.0,8.18,75000.0,12.46,2,19.0,38.4,0.0,0.0,0
35000.0,10.99,149182.0,16.26,5,15.0,16.4,0.0,0.0,0
5000.0,12.69,50000.0,5.47,5,6.0,91.6,1.0,0.0,0
10000.0,9.99,80000.0,7.08,10,7.0,53.8,0.0,2.0,0
6000.0,8.18,60000.0,20.56,7,8.0,68.0,1.0,0.0,0
12000.0,7.89,120000.0,8.79,2,12.0,21.2,0.0,1.0,0
20000.0,10.99,95000.0,8.79,10,5.0,65.0,0.0,0.0,0
12600.0,26.77,35000.0,38.1,10,10.0,45.4,0.0,0.0,0
9450.0,18.55,31500.0,32.54,1,9.0,87.5,0.0,0.0,0
22500.0,12.69,150000.0,8.54,6,7.0,70.2,0.0,0.0,0
16750.0,13.33,40000.0,34.69,3,22.0,71.7,0.0,0.0,0
20750.0,13.99,49457.0,24.34,10,12.0,72.1,0.0,0.0,0
4000.0,14.65,47500.0,13.77,8,7.0,74.2,0.0,1.0,0
25000.0,7.89,56000.0,16.48,4,9.0,35.5,0.0,0.0,0
15000.0,12.69,62000.0,22.98,10,10.0,76.7,0.0,0.0,0
4000.0,13.33,33000.0,20.61,2,15.0,50.0,0.0,2.0,0
3000.0,11.53,14000.0,21.87,10,5.0,89.9,0.0,0.0,0
12500.0,16.55,25000.0,27.99,0,26.0,27.4,0.0,1.0,0
22500.0,6.89,80000.0,28.92,10,26.0,28.8,0.0,0.0,0
23900.0,12.69,52000.0,4.96,3,5.0,26.9,0.0,0.0,0
16000.0,14.65,80000.0,22.09,5,9.0,36.9,1.0,1.0,1
9600.0,15.61,24000.0,29.65,0,17.0,30.4,0.0,0.0,1
12000.0,7.26,144000.0,3.18,4,10.0,41.7,0.0,1.0,0
12000.0,9.99,100000.0,35.08,7,21.0,82.1,0.0,0.0,0
16000.0,6.89,125000.0,14.24,10,9.0,66.7,0.0,0.0,0
10000.0,11.99,34000.0,16.98,3,11.0,57.0,0.0,0.0,0
15600.0,12.29,150000.0,10.72,10,8.0,86.5,1.0,2.0,0
3775.0,11.99,17795.0,34.01,2,5.0,73.7,0.0,0.0,0
12000.0,10.64,120000.0,6.4,10,7.0,28.7,0.0,0.0,0
31200.0,11.99,100000.0,8.34,4,6.0,56.5,0.0,0.0,0
3000.0,9.17,45000.0,3.87,9,6.0,63.0,0.0,1.0,0
21350.0,12.69,90000.0,19.4,2,10.0,44.3,0.0,0.0,1
10000.0,10.99,50000.0,23.55,2,11.0,36.3,1.0,3.0,0
9500.0,12.29,140000.0,19.54,1,10.0,50.7,0.0,6.0,0
9450.0,15.41,36000.0,12.9,6,10.0,46.9,0.0,1.0,0
21925.0,13.99,48758.0,35.1,7,11.0,57.0,1.0,0.0,0
16000.0,18.55,32000.0,21.98,5,6.0,60.9,0.0,1.0,0
25000.0,6.24,55000.0,24.42,10,16.0,45.4,0.0,0.0,1
35000.0,15.61,195000.0,22.84,3,10.0,73.2,2.0,0.0,0
10000.0,17.57,80000.0,17.69,0,13.0,38.1,1.0,0.0,0
13200.0,9.76,50891.0,13.07,10,11.0,50.6,0.0,0.0,0
29625.0,20.99,78000.0,30.22,5,17.0,67.2,1.0,0.0,1
2000.0,16.99,54000.0,16.0,6,8.0,47.1,1.0,0.0,0
25000.0,7.26,179000.0,14.23,0,8.0,74.7,0.0,0.0,0
10000.0,12.69,60000.0,18.42,0,9.0,86.4,0.0,0.0,1
28700.0,9.17,87177.0,26.56,9,14.0,61.4,0.0,0.0,0
28000.0,17.86,120000.0,21.96,10,16.0,85.4,0.0,0.0,0
25000.0,5.32,79000.0,20.84,10,6.0,0.8,0.0,0.0,1
35000.0,22.99,71500.0,31.72,10,15.0,80.2,0.0,0.0,1
30000.0,9.99,92000.0,28.52,3,17.0,72.9,0.0,0.0,0
35000.0,13.99,80644.0,13.32,10,7.0,18.5,0.0,0.0,0
35000.0,14.33,103000.0,18.2,9,10.0,79.5,0.0,0.0,0
14400.0,16.55,40000.0,25.71,10,7.0,91.3,0.0,0.0,0
22500.0,10.99,79102.91,11.93,10,11.0,54.7,0.0,3.0,1
18000.0,11.53,78000.0,21.4,8,12.0,47.7,0.0,0.0,0
8000.0,10.64,40000.0,11.76,1,8.0,18.2,2.0,0.0,0
17000.0,7.26,129996.0,20.1,9,10.0,47.0,0.0,0.0,0
5000.0,9.99,190000.0,13.12,6,11.0,23.0,0.0,1.0,0
15000.0,12.29,36000.0,23.73,10,9.0,71.1,0.0,1.0,1
19725.0,12.69,100000.0,8.84,2,6.0,76.5,1.0,2.0,1
6000.0,10.99,75500.0,23.68,7,7.0,27.8,0.0,0.0,0
18000.0,15.41,45000.0,27.01,1,23.0,28.5,1.0,0.0,0
3000.0,7.89,45000.0,24.43,10,14.0,51.4,0.0,0.0,1
35000.0,19.99,120000.0,8.25,4,4.0,28.0,0.0,0.0,0
35000.0,16.55,90000.0,19.13,10,18.0,67.8,0.0,0.0,1
12000.0,9.99,150000.0,3.32,10,6.0,61.9,0.0,0.0,0
35000.0,9.99,126000.0,5.35,10,11.0,50.8,0.0,0.0,0
7500.0,7.26,53000.0,18.5,2,11.0,53.3,0.0,0.0,0
12000.0,12.69,85000.0,28.53,10,16.0,15.4,0.0,0.0,1
24000.0,16.99,81300.0,33.23,2,12.0,35.5,0.0,2.0,0
12000.0,5.32,145000.0,7.42,10,7.0,18.8,0.0,0.0,0
15000.0,8.18,80000.0,38.43,2,27.0,27.1,0.0,1.0,0
2950.0,16.99,96000.0,11.69,10,4.0,57.0,2.0,0.0,1
12000.0,12.59,38000.0,21.1,10,9.0,61.6,2.0,0.0,0
6000.0,7.26,40000.0,26.79,10,17.0,25.6,1.0,0.0,0
24000.0,5.32,160000.0,9.47,0,9.0,56.3,0.0,0.0,0
5000.0,7.89,65000.0,21.81,10,16.0,19.2,0.0,0.0,0
13000.0,11.53,37000.0,22.35,7,11.0,43.6,0.0,0.0,0
17000.0,11.22,60000.0,27.76,10,18.0,74.6,0.0,0.0,0
9000.0,12.29,22958.0,13.85,10,10.0,28.8,0.0,0.0,0
7000.0,5.32,65000.0,17.34,10,4.0,89.9,0.0,0.0,0
16000.0,7.89,130000.0,26.8,10,21.0,80.0,0.0,0.0,1
25000.0,11.53,99000.0,12.68,4,23.0,2.5,0.0,1.0,1
30000.0,13.33,75000.0,19.07,10,7.0,83.5,0.0,0.0,0
25150.0,16.99,60000.0,11.43,7,9.0,83.8,0.0,0.0,1
13000.0,13.67,38000.0,18.22,7,10.0,49.4,0.0,0.0,1
25000.0,12.59,90000.0,7.24,8,16.0,58.0,0.0,5.0,0
2500.0,10.64,52000.0,20.12,10,7.0,78.6,0.0,1.0,0
12000.0,12.69,66060.0,13.73,10,8.0,63.9,0.0,0.0,0
10000.0,13.67,105000.0,26.73,9,18.0,69.3,0.0,0.0,0
14375.0,19.52,45000.0,28.96,8,14.0,54.0,0.0,1.0,0
13500.0,14.65,50000.0,22.03,2,19.0,48.9,0.0,0.0,0
9600.0,16.99,36972.0,12.56,3,25.0,54.9,0.0,0.0,1
30000.0,8.18,120000.0,12.14,0,15.0,3.9,0.0,3.0,0
10950.0,24.99,38107.0,25.61,8,9.0,95.0,0.0,0.0,1
20000.0,12.69,125000.0,14.73,6,6.0,74.4,0.0,1.0,0
6250.0,12.69,50400.0,22.29,1,18.0,17.4,0.0,0.0,0
16000.0,13.33,130000.0,26.42,10,9.0,32.4,0.0,2.0,0
20000.0,12.05,92000.0,19.7,0,14.0,74.0,0.0,0.0,0
9600.0,7.89,35000.0,17.24,0,12.0,20.2,0.0,0.0,0
14000.0,12.29,133000.0,18.49,10,14.0,65.4,0.0,1.0,0
9725.0,13.67,85367.0,24.72,10,10.0,96.2,0.0,0.0,0
21000.0,13.99,60000.0,28.1,10,10.0,23.6,1.0,0.0,1
26000.0,7.26,52000.0,17.45,10,22.0,11.4,0.0,0.0,0
4000.0,18.25,30000.0,6.19,9,9.0,47.2,1.0,0.0,0
30000.0,15.61,60000.0,15.57,6,6.0,40.7,0.0,0.0,1
12000.0,14.65,35000.0,29.84,0,9.0,67.2,0.0,0.0,1
10000.0,16.99,75000.0,19.52,7,8.0,23.9,0.0,1.0,1
14000.0,16.55,61800.0,21.88,10,9.0,99.3,0.0,0.0,1
5000.0,11.49,57000.0,26.38,10,22.0,43.0,0.0,0.0,0
14050.0,16.99,33500.0,25.69,10,13.0,60.4,0.0,0.0,0
25000.0,5.32,150000.0,13.34,10,9.0,65.0,0.0,0.0,0
12000.0,12.69,30000.0,25.52,0,10.0,50.6,1.0,1.0,0
17400.0,5.32,63000.0,21.85,3,9.0,14.3,0.0,0.0,0
10500.0,8.18,190000.0,23.43,10,17.0,80.0,0.0,0.0,0
14575.0,13.99,31700.0,20.86,10,18.0,46.6,0.0,0.0,0
13500.0,17.57,27000.0,20.71,5,5.0,98.6,0.0,0.0,0
2150.0,12.29,37560.0,32.72,2,36.0,87.4,0.0,0.0,1
14000.0,6.89,100000.0,32.08,10,26.0,58.4,0.0,0.0,0
12000.0,11.53,53000.0,20.63,3,15.0,92.2,0.0,4.0,0
7000.0,15.61,80000.0,9.38,10,4.0,71.7,1.0,0.0,1
14400.0,7.89,60000.0,9.24,10,7.0,24.5,0.0,0.0,0
2500.0,12.69,50000.0,7.37,2,12.0,55.6,0.0,3.0,0
5000.0,5.32,22000.0,23.02,8,8.0,30.0,0.0,0.0,0
35000.0,18.55,150000.0,28.34,10,52.0,62.0,0.0,0.0,0
25000.0,5.32,87000.0,10.66,0,8.0,84.0,0.0,0.0,0
15000.0,7.89,65000.0,24.98,7,17.0,87.8,0.0,0.0,0
6000.0,17.86,60000.0,17.19,8,10.0,17.2,0.0,0.0,1
25000.0,6.89,80000.0,15.83,10,9.0,54.1,0.0,0.0,0
5550.0,7.26,52000.0,15.16,5,5.0,49.2,0.0,0.0,0
7950.0,16.55,53000.0,13.11,3,9.0,30.0,1.0,0.0,0
13000.0,10.99,65000.0,25.44,1,12.0,34.0,0.0,3.0,0
21950.0,19.52,55000.0,18.38,5,10.0,65.2,0.0,0.0,1
20000.0,12.29,67000.0,22.25,2,14.0,79.3,0.0,0.0,0
13000.0,5.93,110000.0,4.29,1,6.0,18.5,0.0,0.0,0
21600.0,15.41,142600.0,21.86,3,23.0,70.1,2.0,1.0,0
10000.0,9.17,72000.0,23.88,0,16.0,42.5,1.0,5.0,0
9450.0,11.99,50000.0,24.14,4,10.0,57.1,0.0,0.0,0
10000.0,12.29,39000.0,34.55,9,11.0,72.5,0.0,0.0,0
35000.0,13.33,190000.0,11.03,10,21.0,80.6,0.0,1.0,0
12000.0,12.69,65000.0,18.61,4,7.0,97.5,0.0,2.0,1
16625.0,26.77,80000.0,10.02,3,8.0,84.4,0.0,1.0,1
7000.0,11.53,40000.0,15.83,10,5.0,50.8,0.0,0.0,1
21600.0,13.18,75000.0,5.82,10,6.0,0.5,0.0,0.0,1
30000.0,10.99,114500.0,22.59,10,11.0,48.9,0.0,0.0,0
15000.0,12.69,53270.0,21.09,10,9.0,77.5,2.0,0.0,0
12125.0,6.89,60000.0,33.42,4,11.0,90.3,0.0,0.0,0
3600.0,9.17,42000.0,12.91,0,11.0,20.0,0.0,1.0,0
18000.0,18.25,50000.0,15.65,8,15.0,43.5,0.0,0.0,1
10000.0,12.29,55000.0,9.43,2,5.0,73.0,0.0,0.0,0
11200.0,17.57,62000.0,7.32,3,12.0,36.5,0.0,0.0,0
12000.0,6.89,65000.0,18.21,4,14.0,60.0,0.0,0.0,0
1800.0,16.99,28000.0,9.09,4,10.0,32.1,0.0,0.0,0
4000.0,6.89,54000.0,7.43,10,18.0,7.9,0.0,0.0,0
24000.0,13.33,70000.0,19.99,3,10.0,91.0,0.0,0.0,0
17750.0,15.61,50000.0,17.81,7,4.0,25.7,0.0,0.0,1
5000.0,8.18,65000.0,14.9,3,14.0,18.0,1.0,0.0,0
8000.0,12.29,129000.0,20.86,6,22.0,78.6,0.0,0.0,0
14000.0,7.89,66000.0,17.76,1,15.0,66.5,0.0,0.0,0
6000.0,9.17,100000.0,6.32,2,4.0,94.1,1.0,0.0,0
8000.0,13.18,26000.0,37.44,3,18.0,37.3,1.0,0.0,0
35000.0,17.57,80000.0,18.09,2,13.0,69.1,0.0,0.0,0
15000.0,8.38,50000.0,24.94,8,10.0,40.0,0.0,0.0,1
10000.0,20.99,20000.0,38.5,0,6.0,98.9,0.0,0.0,1
10000.0,10.99,95350.0,17.77,10,11.0,16.1,0.0,0.0,0
14000.0,10.99,75000.0,9.41,10,20.0,28.9,0.0,0.0,0
5000.0,5.93,60000.0,29.62,1,22.0,33.3,0.0,1.0,0
25000.0,16.55,69900.0,23.59,6,13.0,84.0,0.0,1.0,0
18000.0,9.99,77000.0,22.93,10,10.0,83.8,0.0,0.0,0
2000.0,13.99,60000.0,18.54,9,7.0,68.9,0.0,0.0,0
35000.0,18.25,74000.0,23.97,6,24.0,38.0,0.0,0.0,0
5000.0,15.61,41240.0,33.63,5,8.0,32.3,0.0,0.0,0
20000.0,10.99,90000.0,12.53,7,9.0,51.2,0.0,0.0,0
9200.0,15.61,32800.0,7.68,0,15.0,31.9,1.0,0.0,0
27725.0,18.99,150000.0,31.53,1,22.0,74.7,0.0,1.0,0
12000.0,8.38,160000.0,21.96,10,13.0,47.3,0.0,0.0,0
14075.0,16.55,87000.0,3.38,10,10.0,50.0,0.0,0.0,1
15000.0,8.18,120000.0,13.31,1,15.0,82.3,0.0,0.0,1
10800.0,12.69,52000.0,21.12,9,8.0,67.0,0.0,3.0,0
16000.0,13.33,65000.0,30.34,10,14.0,49.5,0.0,0.0,1
2500.0,17.86,8400.0,5.57,0,3.0,3.6,0.0,0.0,1
14375.0,9.17,94500.0,18.91,10,9.0,86.1,0.0,0.0,0
5250.0,9.99,82430.0,2.15,10,7.0,21.9,0.0,0.0,0
12000.0,12.69,67000.0,28.41,7,10.0,93.4,0.0,0.0,0
23000.0,6.89,157000.0,23.39,5,13.0,28.0,0.0,0.0,0
16800.0,16.55,44000.0,10.17,10,8.0,96.9,0.0,0.0,0
30000.0,8.18,155000.0,7.57,10,11.0,59.4,0.0,0.0,0
24650.0,13.33,60500.0,29.38,10,13.0,46.1,0.0,0.0,0
11000.0,9.17,50000.0,19.13,5,11.0,96.9,0.0,0.0,0
12000.0,6.89,75000.0,4.02,10,3.0,49.9,0.0,0.0,1
15850.0,13.99,45000.0,15.2,1,6.0,57.8,0.0,0.0,0
14000.0,15.61,110000.0,33.21,8,42.0,62.0,0.0,0.0,0
20000.0,12.69,100000.0,5.23,6,9.0,83.8,0.0,0.0,0
14000.0,8.18,65000.0,15.53,10,9.0,57.4,0.0,0.0,0
3000.0,14.65,45000.0,8.53,10,12.0,6.4,1.0,0.0,0
20000.0,11.53,62000.0,24.04,4,13.0,44.5,0.0,0.0,0
24000.0,19.19,80000.0,19.84,2,7.0,33.2,0.0,0.0,0
28000.0,6.92,228000.0,13.89,0,14.0,55.6,0.0,0.0,0
5450.0,14.65,37000.0,6.42,7,9.0,88.0,0.0,0.0,0
12000.0,13.33,62000.0,29.93,10,15.0,60.8,0.0,0.0,0
35000.0,18.49,98000.0,27.97,2,11.0,46.9,0.0,1.0,1
1000.0,12.05,38000.0,27.15,2,17.0,68.5,0.0,0.0,0
11800.0,15.77,75000.0,21.86,10,17.0,84.0,0.0,5.0,0
4800.0,6.89,75000.0,11.52,10,16.0,30.5,0.0,0.0,0
14000.0,12.29,35000.0,27.54,10,12.0,63.8,1.0,0.0,0
25000.0,13.33,117000.0,32.57,3,21.0,80.6,0.0,0.0,0
11000.0,8.18,107206.0,21.59,2,16.0,75.3,0.0,0.0,0
35000.0,7.89,142000.0,32.74,10,12.0,86.5,0.0,0.0,0
20000.0,11.53,59000.0,17.37,0,11.0,69.0,1.0,0.0,1
28000.0,7.89,135000.0,39.99,10,21.0,78.9,0.0,1.0,0
21750.0,16.99,51800.0,21.06,1,9.0,78.3,0.0,0.0,0
28000.0,7.89,135000.0,14.31,8,27.0,42.3,0.0,0.0,0
18000.0,8.18,50000.0,23.14,7,7.0,84.4,0.0,0.0,1
14000.0,6.92,63000.0,17.66,10,11.0,48.9,0.0,0.0,0
12500.0,9.17,75000.0,8.61,10,11.0,34.9,0.0,0.0,0
6000.0,7.26,30000.0,6.08,10,7.0,43.4,0.0,0.0,0
10000.0,7.26,36000.0,23.7,1,8.0,72.0,0.0,0.0,0
4400.0,17.86,13000.0,12.37,5,24.0,98.9,0.0,0.0,0
5400.0,11.53,250000.0,6.38,2,7.0,22.1,0.0,1.0,0
7000.0,10.99,60320.0,10.76,10,6.0,28.3,1.0,0.0,0
10000.0,18.55,95000.0,34.49,3,16.0,83.6,0.0,0.0,0
10000.0,10.99,78000.0,20.63,8,9.0,17.3,0.0,3.0,0
6000.0,9.76,50000.0,8.28,8,15.0,19.9,1.0,0.0,0
4900.0,10.99,30000.0,35.04,4,11.0,20.7,0.0,0.0,0
24750.0,16.99,55000.0,38.12,0,9.0,94.0,0.0,0.0,0
15000.0,11.49,70119.0,11.86,1,16.0,15.3,0.0,0.0,0
6000.0,6.24,45000.0,17.68,10,12.0,47.1,0.0,0.0,1
4800.0,13.99,100000.0,8.28,10,7.0,45.1,0.0,0.0,0
16000.0,19.19,86000.0,24.16,10,29.0,21.4,0.0,2.0,1
10850.0,18.84,41600.0,12.75,0,17.0,38.8,1.0,2.0,1
35000.0,12.69,241083.0,15.91,10,15.0,70.3,0.0,0.0,0
12000.0,13.67,65000.0,27.13,1,25.0,38.7,0.0,0.0,0
25000.0,11.53,156000.0,18.4,0,11.0,79.0,0.0,5.0,0
4000.0,13.18,25000.0,26.16,1,9.0,26.3,0.0,0.0,0
15000.0,5.32,80000.0,22.98,10,12.0,56.7,0.0,0.0,0
24000.0,18.25,50339.68,33.09,0,20.0,57.4,0.0,0.0,0
12375.0,24.99,34400.0,10.4,6,4.0,87.8,0.0,0.0,1
35000.0,10.99,111611.0,12.44,2,11.0,67.0,0.0,0.0,0
28000.0,7.89,96000.0,17.49,10,14.0,30.4,0.0,0.0,0
30000.0,11.53,150000.0,9.3,10,8.0,29.4,0.0,0.0,0
15200.0,6.89,120000.0,11.54,1,10.0,20.4,0.0,0.0,0
35000.0,9.17,200000.0,17.71,10,11.0,45.0,0.0,3.0,0
2400.0,12.29,42000.0,16.72,10,13.0,23.0,0.0,1.0,0
23800.0,8.18,257000.0,4.19,3,7.0,12.6,0.0,0.0,0
10975.0,9.17,45000.0,23.74,2,10.0,49.7,0.0,0.0,1
26000.0,11.53,90000.0,17.31,10,9.0,37.0,0.0,1.0,0
35000.0,18.25,132646.0,17.28,5,9.0,24.7,0.0,0.0,0
2800.0,10.99,45000.0,12.4,1,8.0,44.9,0.0,0.0,1
35000.0,13.18,179200.0,27.38,4,18.0,63.6,0.0,0.0,0
30000.0,7.89,265000.0,7.74,10,14.0,31.4,0.0,0.0,0
4000.0,11.22,48000.0,12.4,0,8.0,34.5,0.0,0.0,0
20000.0,7.26,135000.0,10.6,0,9.0,66.2,0.0,0.0,0
15000.0,6.92,100000.0,15.72,9,12.0,24.9,1.0,0.0,0
9600.0,5.32,81000.0,19.54,10,9.0,27.0,0.0,0.0,0
3000.0,12.29,52000.0,32.26,9,20.0,14.6,0.0,6.0,0
8000.0,6.89,90000.0,15.77,5,10.0,73.2,0.0,0.0,0
2000.0,12.69,28000.0,26.92,5,9.0,32.9,0.0,1.0,1
8000.0,7.89,46500.0,5.18,8,10.0,27.8,0.0,2.0,0
8500.0,9.17,56728.0,23.04,5,8.0,69.0,0.0,0.0,0
11850.0,18.84,33000.0,31.82,2,13.0,83.8,0.0,0.0,0
10000.0,12.69,45000.0,16.59,1,8.0,49.8,0.0,0.0,0
5000.0,17.57,750000.0,18.68,8,20.0,94.1,0.0,1.0,0
7000.0,8.18,26000.0,27.74,2,14.0,62.2,0.0,0.0,1
20000.0,5.93,107825.0,11.58,10,25.0,8.2,0.0,0.0,0
20000.0,10.99,90000.0,21.27,1,18.0,43.4,0.0,0.0,0
15000.0,8.18,83000.0,12.25,10,6.0,73.1,0.0,1.0,0
9000.0,5.32,102000.0,14.65,7,17.0,45.3,0.0,0.0,0
5000.0,13.18,25000.0,31.01,4,5.0,85.8,1.0,1.0,0
8400.0,6.24,360000.0,6.92,9,7.0,36.0,0.0,0.0,0
9975.0,12.69,52000.0,28.2,1,5.0,79.2,1.0,0.0,0
10550.0,15.61,40000.0,16.62,8,9.0,26.1,1.0,0.0,0
4000.0,14.65,65000.0,9.12,10,7.0,46.0,1.0,2.0,0
4500.0,9.99,67000.0,14.69,10,10.0,35.1,0.0,1.0,0
7550.0,16.55,35000.0,22.94,7,10.0,56.6,1.0,0.0,1
6000.0,9.99,45000.0,21.25,4,8.0,65.9,1.0,0.0,0
25000.0,16.99,50000.0,28.49,10,21.0,28.6,0.0,0.0,0
22450.0,13.99,56101.0,25.93,10,15.0,71.6,0.0,1.0,0
17500.0,11.53,85000.0,17.9,5,8.0,72.0,0.0,0.0,0
34050.0,12.69,300000.0,4.88,5,10.0,13.5,0.0,1.0,0
35000.0,7.26,120000.0,27.3,0,33.0,31.5,0.0,1.0,0
14000.0,9.99,50960.0,13.28,5,11.0,71.5,0.0,0.0,0
9100.0,12.29,75000.0,8.53,6,9.0,50.8,1.0,0.0,0
19100.0,25.78,73000.0,28.65,10,27.0,47.7,1.0,2.0,0
7000.0,8.18,30000.0,31.36,10,20.0,24.6,0.0,0.0,0
20000.0,9.99,78000.0,24.52,10,15.0,41.0,0.0,0.0,0
28000.0,7.26,160000.0,12.71,10,10.0,46.8,0.0,1.0,0
17700.0,15.61,62000.0,20.98,5,14.0,44.9,1.0,0.0,1
5000.0,10.99,80000.0,20.97,10,15.0,87.5,2.0,1.0,0
21000.0,5.32,400000.0,9.45,6,17.0,70.6,0.0,0.0,0
12150.0,16.55,32000.0,21.57,1,8.0,32.3,0.0,1.0,0
10400.0,12.69,29000.0,21.77,5,7.0,66.2,0.0,0.0,0
9600.0,15.61,146000.0,18.6,5,13.0,87.2,0.0,1.0,1
19200.0,15.61,70000.0,11.64,10,13.0,40.1,1.0,0.0,1
15850.0,15.41,55000.0,31.31,2,20.0,31.4,0.0,0.0,0
25000.0,22.99,79000.0,9.65,10,6.0,72.1,0.0,1.0,1
16550.0,12.69,36000.0,14.47,5,9.0,21.4,0.0,0.0,1
9000.0,6.39,55000.0,12.78,3,9.0,19.2,0.0,0.0,0
22000.0,21.67,90000.0,14.04,10,9.0,95.1,0.0,0.0,1
20125.0,12.69,300000.0,24.4,10,16.0,44.6,0.0,0.0,0
10500.0,8.38,43000.0,14.26,10,6.0,41.3,0.0,0.0,0
15000.0,9.99,91200.0,14.63,10,23.0,58.4,0.0,0.0,0
8000.0,9.17,55000.0,29.24,4,31.0,14.4,0.0,0.0,0
24000.0,13.33,220000.0,7.55,10,6.0,96.1,0.0,0.0,1
14225.0,20.99,35615.0,28.61,9,12.0,94.0,0.0,0.0,0
20700.0,15.61,45000.0,25.09,3,9.0,67.0,0.0,0.0,1
14000.0,16.99,35000.0,15.36,6,5.0,85.1,0.0,0.0,1
30000.0,12.69,140000.0,10.87,10,8.0,41.4,0.0,0.0,0
10000.0,7.89,214000.0,15.35,3,20.0,59.7,0.0,1.0,0
25000.0,13.99,55000.0,16.34,10,10.0,37.6,0.0,0.0,1
25000.0,13.33,194000.0,16.97,10,16.0,64.1,1.0,0.0,0
20000.0,12.29,60000.0,20.7,10,12.0,79.2,0.0,0.0,0
10250.0,12.69,52000.0,35.75,3,21.0,53.6,0.0,0.0,0
21000.0,11.99,110000.0,14.32,10,19.0,80.8,1.0,0.0,1
11200.0,16.55,41000.0,13.29,3,8.0,83.0,0.0,1.0,0
16000.0,6.92,95000.0,18.28,5,11.0,86.3,0.0,0.0,0
15000.0,7.89,70000.0,7.49,3,5.0,2.0,0.0,0.0,0
25000.0,12.59,68000.0,8.12,9,6.0,78.5,0.0,0.0,0
21000.0,18.2,55000.0,27.23,10,10.0,77.9,0.0,0.0,1
10000.0,11.53,39000.0,26.74,10,12.0,45.2,1.0,0.0,0
2000.0,11.53,60000.0,12.05,10,11.0,58.6,0.0,0.0,0
10800.0,6.24,60000.0,8.38,6,4.0,17.0,0.0,0.0,0
10550.0,15.41,80000.0,6.35,0,5.0,65.1,0.0,2.0,1
6400.0,12.69,34500.0,6.47,10,8.0,45.0,0.0,1.0,0
25000.0,18.25,69000.0,12.31,10,11.0,47.6,1.0,0.0,0
15000.0,14.65,46000.0,16.2,8,9.0,32.2,0.0,0.0,0
12000.0,13.18,39000.0,31.42,4,12.0,19.4,0.0,1.0,0
7800.0,16.55,41000.0,27.46,0,11.0,37.3,0.0,0.0,1
24000.0,5.93,150000.0,3.15,10,4.0,23.2,0.0,0.0,0
9000.0,14.65,136500.0,6.65,10,8.0,55.7,0.0,2.0,0
3150.0,9.17,30000.0,29.88,5,11.0,18.4,1.0,0.0,1
15000.0,6.89,60000.0,18.98,10,12.0,87.3,0.0,0.0,0
16000.0,11.53,51000.0,22.77,3,24.0,33.7,0.0,1.0,0
12000.0,10.64,120000.0,12.67,0,17.0,84.1,0.0,0.0,0
7800.0,8.18,55000.0,18.94,6,12.0,49.0,1.0,1.0,0
6000.0,13.33,55000.0,9.56,10,6.0,43.0,0.0,1.0,0
10000.0,8.18,56000.0,5.55,1,10.0,53.1,1.0,0.0,0
13000.0,7.89,36500.0,23.28,2,11.0,39.1,0.0,1.0,0
5000.0,7.89,35000.0,18.76,3,13.0,23.4,1.0,0.0,1
8000.0,13.33,105000.0,7.77,2,6.0,57.2,0.0,1.0,0
23975.0,21.99,67000.0,28.91,10,9.0,70.3,0.0,0.0,1
15000.0,6.89,64000.0,13.41,1,6.0,75.9,0.0,0.0,0
30000.0,18.25,95000.0,32.24,3,19.0,75.5,0.0,0.0,0
10000.0,17.57,20000.0,18.37,3,4.0,60.4,1.0,0.0,0
6300.0,5.32,40000.0,4.96,8,24.0,8.5,0.0,0.0,0
15125.0,18.25,45000.0,13.47,5,6.0,76.2,0.0,1.0,1
35000.0,9.17,150000.0,5.08,8,8.0,34.4,0.0,1.0,0
8225.0,13.99,35000.0,31.45,3,14.0,54.8,0.0,0.0,0
20000.0,8.18,65000.0,28.52,10,11.0,14.7,0.0,0.0,0
35000.0,7.89,150000.0,17.02,5,10.0,61.0,0.0,0.0,0
10000.0,9.17,37440.0,20.38,10,8.0,24.2,0.0,0.0,0
17875.0,15.61,70000.0,31.82,8,17.0,87.1,0.0,0.0,0
28000.0,6.89,126000.0,14.13,9,14.0,46.7,0.0,0.0,0
18500.0,9.99,68000.0,17.88,10,7.0,59.7,0.0,0.0,0
9000.0,13.99,55000.0,11.17,0,16.0,94.4,0.0,2.0,0
7550.0,18.25,18000.0,12.47,5,9.0,35.9,0.0,0.0,0
30000.0,6.89,300000.0,9.36,1,18.0,31.4,0.0,0.0,0
4000.0,10.99,75000.0,18.38,3,15.0,26.5,0.0,1.0,1
12000.0,10.99,92000.0,16.15,3,10.0,88.5,0.0,4.0,0
25000.0,13.33,102900.0,19.43,6,9.0,80.7,0.0,1.0,0
22000.0,13.99,59000.0,26.97,10,5.0,13.0,1.0,0.0,0
5000.0,7.26,55000.0,8.77,10,11.0,17.9,0.0,0.0,0
35000.0,11.22,86000.0,26.08,9,22.0,43.9,0.0,0.0,0
16800.0,13.18,72644.0,19.68,10,5.0,45.0,0.0,0.0,0
35000.0,9.99,111000.0,8.57,2,8.0,69.4,0.0,1.0,0
15000.0,10.99,68000.0,20.69,2,7.0,67.0,0.0,0.0,0
20000.0,13.99,60500.0,38.48,0,18.0,57.8,0.0,1.0,0
7975.0,11.53,62500.0,18.41,5,10.0,80.0,1.0,0.0,0
10950.0,8.18,52000.0,13.11,10,11.0,55.0,1.0,2.0,0
2850.0,17.57,51500.0,20.37,0,12.0,90.5,0.0,0.0,0
6500.0,13.33,51000.0,9.62,6,9.0,10.2,0.0,0.0,0
9000.0,12.29,110000.0,7.35,9,6.0,20.8,1.0,0.0,1
20400.0,9.99,165000.0,10.36,0,13.0,57.0,0.0,0.0,0
25000.0,23.99,68000.0,13.64,7,7.0,39.1,0.0,2.0,1
24000.0,7.89,89500.0,17.41,6,17.0,30.5,0.0,1.0,0
4000.0,7.26,50000.0,20.93,2,9.0,80.5,1.0,0.0,0
26400.0,9.99,60000.0,27.96,10,14.0,48.0,0.0,1.0,0
29050.0,22.99,62000.0,20.07,9,11.0,91.2,1.0,1.0,1
3000.0,9.99,43000.0,12.14,0,12.0,22.6,0.0,0.0,0
2775.0,17.86,78816.0,14.14,10,8.0,16.0,1.0,0.0,0
25500.0,15.61,70000.0,14.78,10,11.0,48.8,0.0,1.0,1
13200.0,13.99,45000.0,36.93,0,21.0,52.9,0.0,0.0,0
24200.0,13.18,55000.0,23.62,3,11.0,48.3,0.0,1.0,0
16000.0,10.99,42000.0,19.75,5,15.0,29.9,0.0,0.0,0
20000.0,6.39,62000.0,13.52,8,24.0,17.9,0.0,0.0,0
7200.0,9.17,57000.0,16.21,1,9.0,54.9,1.0,0.0,0
10000.0,9.99,62000.0,18.22,10,7.0,45.3,0.0,0.0,0
8000.0,5.32,120000.0,11.07,3,10.0,24.4,0.0,0.0,0
11925.0,13.33,29850.0,28.43,10,5.0,83.4,0.0,0.0,0
28075.0,16.99,78000.0,12.28,9,7.0,59.5,0.0,0.0,1
35000.0,23.99,100000.0,8.16,7,13.0,24.6,0.0,0.0,1
14400.0,6.24,58560.0,20.06,3,18.0,48.5,0.0,0.0,0
7500.0,9.17,60000.0,5.6,4,9.0,11.4,1.0,0.0,0
27650.0,7.26,175000.0,21.05,10,10.0,3.1,0.0,0.0,0
4050.0,27.88,70000.0,7.81,3,13.0,17.4,0.0,0.0,1
35000.0,16.99,119000.0,17.03,5,16.0,0.3,1.0,0.0,0
5750.0,14.65,40000.0,29.97,10,7.0,45.8,1.0,0.0,0
7200.0,12.29,46000.0,9.73,0,12.0,68.8,0.0,2.0,0
23425.0,23.99,58200.0,32.97,10,7.0,45.7,0.0,1.0,0
14400.0,15.61,45000.0,28.03,10,12.0,63.5,1.0,0.0,0
12000.0,18.25,61202.0,14.94,10,13.0,29.9,0.0,0.0,1
19200.0,18.25,50000.0,19.42,5,14.0,63.3,0.0,0.0,0
12000.0,7.26,50000.0,8.07,1,7.0,20.8,0.0,1.0,0
14525.0,13.67,50000.0,23.19,4,14.0,65.0,0.0,0.0,0
20000.0,12.69,67000.0,5.86,10,4.0,81.1,0.0,0.0,0
8500.0,11.99,26500.0,23.59,3,10.0,86.6,0.0,0.0,0
19725.0,14.65,42960.0,16.48,5,10.0,57.8,0.0,0.0,0
9600.0,9.99,86000.0,26.28,4,29.0,50.4,1.0,0.0,0
5000.0,9.99,35000.0,25.97,8,9.0,42.1,1.0,0.0,0
20000.0,8.18,220000.0,5.71,10,15.0,15.2,1.0,0.0,0
17500.0,21.99,51500.0,19.76,10,19.0,86.1,0.0,0.0,1
8000.0,13.33,140000.0,12.4,10,22.0,76.3,0.0,0.0,0
24000.0,14.65,84000.0,18.49,10,19.0,94.0,0.0,2.0,0
19775.0,15.61,350000.0,15.86,8,25.0,45.6,0.0,1.0,1
28000.0,13.33,110000.0,12.02,10,12.0,61.5,0.0,0.0,1
22000.0,11.53,80000.0,8.4,0,2.0,90.8,0.0,0.0,1
35000.0,13.99,70000.0,29.56,10,7.0,5.6,0.0,0.0,0
24000.0,17.86,70000.0,17.91,1,9.0,88.9,0.0,0.0,1
10000.0,7.26,125000.0,10.82,10,14.0,35.3,1.0,0.0,0
12000.0,15.61,70000.0,19.39,2,10.0,72.7,0.0,1.0,0
3100.0,6.24,68000.0,6.3,10,11.0,34.5,1.0,0.0,0
15000.0,7.89,75000.0,23.62,3,12.0,77.7,0.0,0.0,0
8000.0,7.89,225000.0,8.73,8,6.0,78.1,0.0,0.0,0
9000.0,7.26,40000.0,16.59,0,15.0,43.7,0.0,0.0,0
31500.0,7.26,225000.0,9.27,10,8.0,68.2,0.0,0.0,0
8000.0,11.53,39800.0,11.22,10,8.0,48.9,1.0,0.0,0
12000.0,12.29,60000.0,13.44,1,10.0,14.8,0.0,0.0,1
15825.0,18.55,43000.0,19.21,10,9.0,9.7,0.0,0.0,1
6000.0,13.99,36000.0,16.09,9,10.0,47.2,0.0,2.0,0
16000.0,6.39,85000.0,22.93,0,8.0,74.4,0.0,0.0,0
20000.0,16.99,115000.0,19.18,10,17.0,45.5,2.0,0.0,0
26000.0,13.33,52000.0,27.05,8,19.0,68.6,0.0,0.0,1
18000.0,8.18,135000.0,14.84,10,10.0,55.6,0.0,1.0,1
5000.0,11.53,60000.0,31.55,10,8.0,72.6,0.0,0.0,0
8000.0,19.19,30000.0,12.36,4,9.0,34.9,2.0,0.0,0
12000.0,9.99,48000.0,7.0,4,7.0,49.8,0.0,0.0,0
5000.0,9.17,65000.0,19.97,10,8.0,91.8,0.0,0.0,0
34500.0,18.55,75000.0,1.9,10,18.0,24.7,1.0,0.0,1
8000.0,9.99,184000.0,14.29,7,15.0,25.7,0.0,1.0,0
18000.0,13.67,65000.0,28.77,1,20.0,27.3,0.0,1.0,0
10000.0,10.99,94000.0,16.42,6,16.0,31.0,0.0,5.0,1
10000.0,9.99,55000.0,33.2,3,19.0,63.5,0.0,0.0,0
26950.0,15.61,67384.0,0.27,5,3.0,4.8,0.0,0.0,0
9600.0,12.69,50000.0,15.96,6,9.0,62.0,3.0,0.0,0
12800.0,16.99,65000.0,24.11,6,15.0,85.0,0.0,0.0,1
5700.0,16.55,68000.0,12.67,2,21.0,41.1,0.0,0.0,0
24000.0,13.18,88000.0,33.83,0,25.0,49.5,0.0,1.0,0
9425.0,6.39,53000.0,30.53,3,23.0,23.4,0.0,0.0,0
12000.0,12.69,50000.0,27.24,8,10.0,72.7,1.0,0.0,1
16000.0,6.92,165000.0,12.83,5,24.0,28.3,0.0,0.0,0
14000.0,16.99,50000.0,31.76,9,12.0,63.3,0.0,0.0,1
1100.0,13.33,59698.0,8.0,0,13.0,88.2,0.0,0.0,0
24000.0,9.17,53444.0,20.3,10,4.0,84.3,0.0,0.0,0
10000.0,12.69,36000.0,22.1,7,8.0,67.5,0.0,0.0,1
18000.0,8.18,90000.0,14.37,7,16.0,52.3,0.0,0.0,0
28000.0,20.99,62000.0,16.2,2,20.0,21.4,0.0,0.0,1
5000.0,6.24,48824.0,17.5,6,6.0,36.0,0.0,0.0,0
14000.0,11.53,45000.0,29.95,5,11.0,19.8,0.0,0.0,0
9000.0,7.89,35000.0,17.73,0,4.0,58.1,0.0,0.0,0
35000.0,18.84,80000.0,32.49,4,35.0,74.5,0.0,0.0,1
11000.0,10.99,40000.0,11.73,0,10.0,64.9,0.0,0.0,0
14125.0,13.99,56000.0,12.41,10,6.0,56.9,0.0,0.0,0
6475.0,16.55,103000.0,9.2,10,12.0,39.0,1.0,3.0,0
8875.0,17.57,23400.0,35.54,1,14.0,42.8,0.0,0.0,0
12000.0,16.99,44000.0,20.46,1,7.0,98.4,0.0,0.0,1
30000.0,16.99,87000.0,10.81,10,17.0,8.3,0.0,0.0,0
14700.0,19.19,35000.0,14.64,1,13.0,16.8,0.0,0.0,1
15000.0,10.64,69000.0,12.71,3,11.0,44.2,1.0,0.0,1
3000.0,6.49,75000.0,13.38,10,10.0,74.6,1.0,0.0,0
10000.0,10.99,106000.0,1.07,0,9.0,2.8,0.0,0.0,0
23000.0,10.99,72000.0,22.19,2,8.0,85.0,0.0,0.0,0
3900.0,14.65,28000.0,9.39,1,6.0,40.8,0.0,0.0,0
12000.0,12.29,89000.0,25.26,2,19.0,48.4,0.0,0.0,0
11200.0,10.99,30000.0,27.04,5,5.0,87.4,0.0,0.0,0
1000.0,13.99,44000.0,22.07,10,12.0,20.6,0.0,0.0,0
11000.0,10.78,39000.0,12.74,5,16.0,24.1,0.0,0.0,0
2000.0,12.69,45000.0,18.08,6,23.0,46.2,1.0,0.0,1
12000.0,12.59,64000.0,20.14,5,8.0,89.3,0.0,0.0,1
5100.0,9.17,103000.0,18.69,3,14.0,20.5,0.0,0.0,0
7500.0,10.64,65000.0,24.39,4,18.0,23.8,0.0,1.0,0
8000.0,9.99,60000.0,12.54,9,7.0,52.9,3.0,0.0,0
6500.0,12.29,60000.0,20.16,7,11.0,24.0,3.0,0.0,0
2500.0,17.57,12000.0,7.5,2,3.0,47.5,0.0,0.0,0
13000.0,11.53,48000.0,26.18,0,12.0,92.2,0.0,1.0,0
10225.0,24.5,70000.0,15.21,10,22.0,17.8,0.0,0.0,0
12000.0,13.99,150000.0,6.86,10,6.0,29.9,0.0,2.0,0
9050.0,11.99,150000.0,18.84,8,21.0,52.3,0.0,0.0,0
9000.0,11.99,80000.0,17.66,7,15.0,32.8,4.0,0.0,0
7000.0,12.29,275000.0,2.94,1,5.0,99.4,0.0,0.0,0
10000.0,11.53,72000.0,8.35,10,4.0,43.0,1.0,0.0,0
10000.0,11.53,48000.0,19.65,8,10.0,45.7,0.0,0.0,0
4000.0,12.29,75000.0,26.08,10,9.0,46.1,0.0,0.0,1
16875.0,9.99,75000.0,13.84,0,9.0,57.0,0.0,0.0,1
5400.0,17.86,56700.0,21.59,10,11.0,5.0,0.0,0.0,0
7500.0,13.33,130000.0,12.35,2,6.0,16.9,0.0,1.0,0
30000.0,13.33,80000.0,16.82,10,9.0,72.1,0.0,0.0,0
6000.0,9.17,85000.0,17.07,10,10.0,11.0,0.0,0.0,0
30000.0,13.67,122000.0,16.91,10,11.0,76.1,0.0,0.0,0
8000.0,9.99,112000.0,16.95,7,17.0,22.6,0.0,0.0,0
25000.0,7.89,124000.0,14.07,10,21.0,0.2,0.0,0.0,0
8400.0,8.18,84000.0,12.31,9,10.0,28.2,0.0,0.0,0
12800.0,10.99,70000.0,10.32,7,5.0,60.0,0.0,0.0,0
8000.0,12.69,34944.0,22.66,4,7.0,43.7,0.0,0.0,0
19200.0,7.26,137000.0,18.02,10,11.0,62.8,1.0,0.0,0
4000.0,13.33,20000.0,8.1,4,4.0,90.1,0.0,0.0,0
10000.0,20.99,40000.0,12.21,4,11.0,37.3,0.0,0.0,0
11000.0,15.61,40000.0,30.9,4,9.0,57.8,0.0,0.0,0
3000.0,11.53,49000.0,27.46,10,15.0,24.7,0.0,0.0,0
15875.0,10.99,82000.0,19.99,10,12.0,18.5,0.0,0.0,0
10000.0,12.29,34000.0,11.01,4,15.0,36.1,0.0,0.0,0
15000.0,16.55,40000.0,31.14,0,11.0,93.0,1.0,0.0,0
21000.0,6.92,114000.0,24.14,10,18.0,40.9,0.0,0.0,0
5000.0,9.17,70000.0,10.25,5,9.0,62.0,0.0,0.0,0
33000.0,9.17,340000.0,16.45,2,12.0,29.0,0.0,1.0,0
5000.0,6.89,45000.0,16.99,1,16.0,19.4,0.0,0.0,0
7125.0,18.99,50000.0,13.66,10,11.0,44.0,0.0,0.0,0
25000.0,10.99,135000.0,12.5,1,21.0,18.9,0.0,0.0,1
3000.0,13.33,37000.0,14.63,10,7.0,27.5,0.0,0.0,0
25000.0,12.29,100000.0,6.47,4,10.0,47.1,0.0,0.0,0
30000.0,13.99,130000.0,15.25,5,16.0,40.3,0.0,3.0,0
22400.0,19.99,78000.0,19.04,1,10.0,93.9,0.0,0.0,1
3000.0,7.26,88000.0,22.28,10,15.0,75.2,0.0,0.0,0
23800.0,15.61,73000.0,13.49,10,11.0,82.8,0.0,0.0,0
7200.0,12.69,55000.0,20.72,4,13.0,51.0,0.0,2.0,0
15000.0,9.99,65000.0,15.97,4,13.0,0.2,0.0,0.0,0
16100.0,12.29,57000.0,24.02,3,10.0,47.1,0.0,0.0,1
35000.0,16.55,250000.0,13.54,10,18.0,46.5,0.0,0.0,1
5000.0,9.99,33000.0,28.36,10,13.0,87.1,0.0,0.0,0
18000.0,8.18,105000.0,10.66,6,11.0,83.5,0.0,2.0,0
14400.0,6.68,96000.0,24.86,2,13.0,41.7,0.0,0.0,0
16000.0,12.29,55850.0,10.94,4,3.0,90.3,0.0,0.0,0
5000.0,9.17,170000.0,15.16,3,18.0,41.0,0.0,1.0,0
13000.0,9.17,59694.0,20.45,10,13.0,53.4,0.0,0.0,0
13025.0,11.53,50000.0,26.36,10,16.0,50.8,0.0,0.0,0
10000.0,9.17,72000.0,13.55,10,14.0,39.1,1.0,0.0,0
7000.0,6.89,121000.0,8.28,2,7.0,27.5,1.0,0.0,0
3600.0,6.92,24000.0,18.15,7,6.0,60.7,0.0,0.0,0
14000.0,18.25,44000.0,29.0,1,16.0,29.7,0.0,0.0,0
12000.0,12.29,63000.0,24.9,10,31.0,25.2,1.0,1.0,1
35000.0,9.17,112000.0,10.5,10,16.0,37.0,1.0,1.0,0
7000.0,5.32,70000.0,13.1,10,29.0,0.8,0.0,0.0,0
7000.0,16.55,50000.0,14.16,2,9.0,1.3,0.0,0.0,0
19025.0,22.99,55000.0,34.21,10,23.0,63.0,1.0,0.0,1
5400.0,11.53,28000.0,34.85,5,10.0,62.9,1.0,0.0,0
35000.0,18.55,130000.0,10.52,8,16.0,88.1,0.0,0.0,0
25000.0,5.32,155000.0,10.51,10,9.0,12.2,0.0,0.0,0
9400.0,16.99,62500.0,25.94,0,9.0,48.0,0.0,0.0,0
12000.0,18.25,30000.0,36.58,10,14.0,66.4,1.0,0.0,1
8300.0,5.32,110000.0,13.5,10,9.0,9.6,0.0,0.0,0
6500.0,6.24,50000.0,13.14,0,13.0,34.8,0.0,0.0,0
30000.0,12.69,120000.0,14.2,10,10.0,29.1,0.0,0.0,1
8000.0,12.69,70000.0,26.4,3,20.0,46.1,1.0,0.0,0
10000.0,13.18,60000.0,17.26,4,9.0,76.2,0.0,0.0,1
33175.0,13.67,100000.0,32.62,5,18.0,52.4,1.0,0.0,0
8000.0,9.99,40000.0,33.24,1,17.0,41.6,1.0,0.0,0
10000.0,12.69,45000.0,21.6,1,22.0,58.0,1.0,0.0,1
18000.0,13.99,160000.0,15.04,8,10.0,66.6,0.0,0.0,1
16500.0,19.19,56000.0,21.26,5,21.0,29.2,1.0,0.0,0
16075.0,13.99,49000.0,32.38,10,13.0,85.0,0.0,1.0,0
7900.0,16.99,18000.0,39.73,2,12.0,59.7,1.0,0.0,0
15000.0,13.99,120000.0,18.28,5,11.0,72.8,1.0,0.0,1
15000.0,6.24,70000.0,11.16,6,8.0,44.4,0.0,0.0,0
6000.0,14.48,30000.0,18.84,10,5.0,68.2,0.0,0.0,0
3000.0,11.99,70000.0,1.29,3,20.0,7.9,0.0,0.0,0
2000.0,8.38,63400.0,23.38,10,9.0,53.9,0.0,0.0,0
3600.0,6.89,34000.0,16.77,0,9.0,47.4,0.0,0.0,0
5000.0,9.17,50000.0,9.48,4,8.0,64.9,1.0,0.0,0
5000.0,10.99,140000.0,8.56,6,10.0,20.5,1.0,0.0,0
14400.0,19.99,45000.0,36.72,0,19.0,43.3,0.0,0.0,1
20000.0,10.99,60000.0,16.34,10,7.0,13.0,0.0,0.0,0
24000.0,10.99,100000.0,14.2,10,12.0,28.8,1.0,1.0,0
31500.0,19.99,75000.0,8.21,4,4.0,90.1,0.0,0.0,1
35000.0,6.89,80000.0,17.97,10,17.0,53.7,0.0,0.0,0
8000.0,12.88,58000.0,25.59,0,14.0,49.0,0.0,0.0,0
9900.0,16.99,19800.0,21.09,10,13.0,46.6,0.0,4.0,0
12000.0,13.33,96000.0,19.84,8,15.0,36.1,0.0,0.0,1
5000.0,13.67,53000.0,25.59,3,5.0,75.5,0.0,0.0,0
4800.0,12.69,45250.0,15.89,10,6.0,41.0,1.0,0.0,0
20800.0,8.18,129000.0,11.99,10,8.0,42.7,0.0,0.0,0
7000.0,18.25,34000.0,17.51,10,10.0,50.2,0.0,0.0,1
15000.0,12.69,55000.0,11.22,0,6.0,44.0,1.0,0.0,1
14000.0,9.17,66812.0,29.39,10,23.0,30.8,0.0,0.0,0
9000.0,10.64,53000.0,25.23,0,8.0,100.4,0.0,0.0,0
6075.0,13.99,18000.0,7.8,2,11.0,76.3,0.0,0.0,1
29400.0,12.29,70000.0,10.37,10,7.0,86.7,0.0,0.0,1
21000.0,11.53,175000.0,11.57,1,16.0,42.8,1.0,0.0,0
14000.0,12.29,36000.0,27.0,10,3.0,99.0,0.0,0.0,1
6500.0,13.18,68000.0,22.7,10,18.0,74.7,0.0,2.0,0
15000.0,13.67,75000.0,15.74,0,7.0,77.8,0.0,0.0,0
19000.0,6.89,48760.0,32.64,6,19.0,53.0,0.0,0.0,0
12000.0,9.17,60000.0,13.14,5,16.0,24.8,1.0,0.0,0
5600.0,11.53,50000.0,4.82,10,11.0,4.7,1.0,4.0,0
6000.0,9.99,35000.0,16.94,1,9.0,73.4,1.0,0.0,0
6500.0,13.33,125000.0,8.08,3,11.0,42.5,0.0,0.0,0
14400.0,6.0,70000.0,25.72,10,25.0,50.5,0.0,0.0,0
15000.0,13.99,40000.0,10.23,5,5.0,65.8,0.0,1.0,0
14400.0,5.32,79500.0,21.87,6,7.0,86.0,0.0,0.0,0
16500.0,14.65,44000.0,22.2,1,8.0,85.0,0.0,1.0,0
14475.0,12.59,105000.0,6.3,0,3.0,94.4,0.0,0.0,0
18000.0,10.99,74704.96,14.86,9,13.0,28.6,0.0,0.0,0
35000.0,10.99,110000.0,15.09,3,16.0,22.2,1.0,0.0,0
5600.0,16.99,38000.0,18.83,2,8.0,34.7,2.0,0.0,1
7000.0,13.99,22000.0,36.39,10,13.0,95.8,0.0,1.0,1
14775.0,12.29,58000.0,16.68,10,11.0,17.3,0.0,0.0,0
2000.0,7.89,34000.0,17.68,3,5.0,61.8,0.0,0.0,0
14150.0,19.99,65500.0,13.12,0,6.0,52.6,0.0,1.0,0
6000.0,12.69,41000.0,29.77,2,9.0,40.4,0.0,2.0,1
12000.0,11.53,48900.0,13.45,7,12.0,54.2,0.0,3.0,1
6000.0,7.89,45000.0,5.44,1,7.0,20.2,0.0,0.0,0
20000.0,7.89,165000.0,16.24,9,17.0,38.8,0.0,1.0,0
24000.0,12.69,62000.0,27.93,1,12.0,70.0,0.0,0.0,0
8000.0,13.33,25500.0,34.68,2,4.0,59.2,0.0,0.0,0
15000.0,18.99,43000.0,11.75,9,18.0,61.2,1.0,0.0,0
8000.0,6.68,48000.0,4.3,10,10.0,15.2,0.0,0.0,0
10000.0,13.99,120000.0,14.92,10,12.0,34.3,1.0,0.0,0
13000.0,7.89,70000.0,26.01,5,18.0,30.9,1.0,0.0,0
9000.0,12.69,55000.0,19.97,10,10.0,35.6,0.0,0.0,1
21175.0,10.99,150000.0,6.55,3,6.0,49.3,2.0,0.0,0
21050.0,25.78,58500.0,14.89,5,6.0,20.8,0.0,0.0,0
10425.0,12.69,25000.0,36.77,1,12.0,61.1,0.0,1.0,1
12000.0,13.33,85000.0,9.61,10,12.0,4.4,0.0,2.0,1
9000.0,15.61,45000.0,27.63,9,11.0,62.8,0.0,2.0,0
20000.0,15.61,85000.0,34.73,0,13.0,51.2,0.0,0.0,1
13800.0,10.99,83000.0,28.34,9,9.0,77.7,0.0,1.0,0
20000.0,11.53,95000.0,9.59,9,16.0,64.3,0.0,0.0,0
2750.0,16.99,84000.0,6.2,10,9.0,26.0,1.0,11.0,0
5250.0,16.99,40184.4,19.5,10,5.0,54.0,1.0,0.0,0
20000.0,18.55,87000.0,4.33,10,6.0,38.5,0.0,0.0,0
12500.0,25.78,46000.0,14.51,0,23.0,53.9,1.0,0.0,0
5000.0,6.92,120000.0,4.56,2,8.0,5.6,1.0,0.0,0
12000.0,7.89,71299.0,22.07,8,8.0,20.4,0.0,0.0,0
8800.0,14.65,51000.0,10.78,9,9.0,78.2,0.0,0.0,0
30000.0,12.29,97500.0,20.11,10,13.0,58.1,0.0,1.0,0
28000.0,5.32,180000.0,23.15,10,18.0,87.0,0.0,0.0,0
3600.0,13.99,120000.0,4.86,6,7.0,52.7,0.0,2.0,0
24000.0,8.38,89000.0,26.85,8,19.0,51.3,0.0,1.0,1
35000.0,7.89,193000.0,11.58,10,20.0,37.0,0.0,0.0,0
2500.0,8.18,65000.0,20.49,8,11.0,41.0,1.0,0.0,0
3150.0,15.61,29000.0,23.88,1,6.0,109.0,0.0,0.0,0
20750.0,25.89,65000.0,20.66,0,8.0,94.4,0.0,0.0,1
5000.0,16.55,30000.0,25.36,3,6.0,93.7,0.0,0.0,0
8000.0,11.53,32000.0,38.3,9,14.0,32.6,1.0,0.0,0
2400.0,19.52,57392.4,21.75,7,17.0,82.1,0.0,0.0,0
24450.0,16.99,90000.0,15.76,5,15.0,81.6,0.0,0.0,0
24650.0,14.65,76000.0,23.95,10,17.0,51.5,1.0,1.0,0
6000.0,5.93,140000.0,6.78,5,18.0,8.9,0.0,0.0,1
15000.0,12.29,43000.0,12.73,1,6.0,89.5,0.0,0.0,0
10000.0,14.65,55000.0,9.67,10,12.0,24.1,1.0,0.0,0
10000.0,7.26,45000.0,8.88,5,10.0,21.7,0.0,0.0,0
9600.0,9.17,68000.0,17.37,10,8.0,83.5,0.0,0.0,0
10000.0,9.17,52344.95,15.57,1,9.0,57.8,0.0,0.0,0
12650.0,12.29,85000.0,20.85,7,11.0,44.0,1.0,0.0,0
25000.0,7.89,120000.0,11.37,0,24.0,31.1,0.0,0.0,0
14000.0,9.99,75000.0,14.17,1,17.0,62.7,0.0,0.0,0
28000.0,7.89,162720.0,25.27,5,13.0,92.1,0.0,0.0,0
6000.0,14.65,65000.0,11.17,8,9.0,27.5,1.0,0.0,0
20000.0,13.33,71000.0,27.01,9,22.0,50.4,0.0,0.0,0
5000.0,16.55,40000.0,30.63,5,13.0,60.6,0.0,0.0,0
15000.0,26.77,30000.0,28.78,0,17.0,37.3,0.0,0.0,0
11000.0,9.17,62000.0,13.65,9,5.0,91.0,0.0,0.0,0
5000.0,5.32,80000.0,15.29,10,11.0,32.7,0.0,1.0,0
10000.0,7.89,52000.0,29.47,8,11.0,78.5,0.0,0.0,0
8800.0,8.18,24000.0,20.55,9,7.0,45.8,0.0,1.0,0
12000.0,12.29,51000.0,31.13,7,14.0,41.0,0.0,0.0,0
6500.0,12.29,38400.0,12.06,3,10.0,40.1,0.0,0.0,0
7475.0,17.86,52000.0,8.4,1,12.0,50.1,0.0,7.0,0
12000.0,9.17,102250.0,5.42,10,10.0,83.3,0.0,0.0,0
12000.0,13.33,65000.0,15.81,10,8.0,83.5,0.0,0.0,0
13600.0,17.86,45000.0,32.03,10,18.0,85.7,0.0,0.0,0
11275.0,22.99,32240.0,38.12,10,14.0,67.0,0.0,3.0,0
18000.0,14.48,83000.0,18.96,10,12.0,37.7,1.0,2.0,0
8150.0,12.59,120000.0,12.63,10,13.0,44.0,0.0,0.0,0
23000.0,17.57,140000.0,19.54,10,14.0,87.9,1.0,0.0,0
10000.0,9.17,52822.0,26.43,9,13.0,73.1,0.0,0.0,0
15000.0,18.25,37000.0,25.14,7,16.0,53.9,0.0,0.0,0
4000.0,12.29,36040.0,9.66,8,11.0,45.9,1.0,0.0,0
16800.0,18.55,95000.0,7.82,1,14.0,63.8,1.0,0.0,0
30000.0,7.89,107000.0,9.28,10,4.0,67.6,0.0,0.0,0
10000.0,9.99,90000.0,11.55,2,13.0,51.3,0.0,1.0,0
21125.0,17.57,60000.0,31.74,10,9.0,73.3,0.0,0.0,1
35000.0,18.49,102000.0,22.46,4,27.0,32.0,1.0,0.0,0
20000.0,5.32,62000.0,25.71,4,21.0,14.4,0.0,0.0,0
3200.0,7.89,90000.0,10.63,3,9.0,59.8,0.0,0.0,0
5900.0,8.18,85000.0,8.34,2,10.0,31.3,0.0,0.0,0
9600.0,8.18,40000.0,22.98,2,15.0,30.0,1.0,0.0,0
8000.0,15.61,37000.0,26.24,4,11.0,60.1,0.0,0.0,0
6000.0,6.89,60000.0,17.04,2,8.0,26.2,0.0,0.0,0
18000.0,17.57,50000.0,30.03,3,10.0,59.4,1.0,0.0,0
10000.0,7.26,50000.0,13.01,3,8.0,38.3,0.0,0.0,0
15000.0,5.32,75000.0,8.93,8,7.0,83.7,0.0,0.0,0
15000.0,8.18,100000.0,15.2,4,13.0,25.2,0.0,0.0,0
4500.0,14.65,61000.0,11.55,10,6.0,12.7,0.0,2.0,0
30000.0,10.99,174000.0,24.21,2,19.0,80.4,0.0,1.0,0
8000.0,7.89,42000.0,25.86,10,10.0,50.0,1.0,0.0,0
20400.0,9.99,55000.0,24.48,8,8.0,55.1,0.0,1.0,0
24000.0,17.86,83000.0,7.3,6,9.0,38.8,0.0,0.0,1
5000.0,9.99,55000.0,15.45,5,8.0,57.0,0.0,1.0,0
5000.0,6.92,50692.0,16.19,10,12.0,7.5,0.0,0.0,0
7500.0,10.99,75000.0,12.83,3,21.0,39.0,1.0,0.0,0
19150.0,7.89,220000.0,23.53,1,8.0,83.7,0.0,0.0,0
5000.0,10.99,62000.0,35.02,8,12.0,10.3,0.0,0.0,0
17000.0,5.32,60012.0,14.48,8,14.0,49.2,0.0,0.0,0
12800.0,20.99,44000.0,16.91,1,20.0,17.8,1.0,0.0,0
14400.0,18.25,51000.0,6.99,10,4.0,92.9,0.0,1.0,0
35000.0,12.29,104600.0,19.13,7,15.0,36.6,2.0,0.0,0
5000.0,7.26,35000.0,32.58,3,8.0,41.8,0.0,0.0,0
21000.0,16.55,90000.0,17.01,3,20.0,50.0,0.0,2.0,1
26000.0,11.53,52000.0,23.82,10,21.0,26.5,0.0,0.0,0
14000.0,7.89,133000.0,18.36,10,9.0,71.0,0.0,0.0,0
3500.0,12.59,65000.0,3.43,1,7.0,67.3,1.0,0.0,0
20000.0,12.29,54450.0,13.29,10,10.0,85.9,0.0,0.0,0
25000.0,11.53,95000.0,11.27,10,15.0,49.8,0.0,0.0,0
15600.0,8.18,80000.0,18.09,6,10.0,12.4,1.0,0.0,0
16000.0,13.18,82000.0,27.28,10,16.0,64.2,0.0,1.0,0
9600.0,7.89,100000.0,11.11,10,8.0,49.1,2.0,0.0,0
15000.0,6.92,220000.0,10.85,2,11.0,36.4,0.0,0.0,0
12000.0,8.38,78982.0,9.84,2,18.0,75.9,0.0,1.0,0
32000.0,12.29,156000.0,14.79,10,16.0,93.1,0.0,1.0,1
9500.0,12.88,52000.0,22.71,3,13.0,68.5,1.0,0.0,0
7000.0,9.17,32000.0,24.53,10,17.0,39.5,0.0,0.0,0
35000.0,13.18,84000.0,10.81,10,9.0,28.8,0.0,2.0,0
12000.0,13.99,39000.0,14.06,2,7.0,54.8,1.0,0.0,0
20000.0,14.33,107000.0,23.23,10,10.0,37.7,0.0,0.0,0
12000.0,11.22,60000.0,21.86,9,8.0,74.5,0.0,0.0,0
12000.0,13.99,50000.0,31.66,3,10.0,85.0,1.0,0.0,1
16375.0,10.99,70000.0,13.17,10,5.0,43.1,2.0,0.0,0
8000.0,12.69,90000.0,17.09,10,11.0,88.0,0.0,0.0,1
25000.0,13.99,70000.0,30.29,10,13.0,86.6,0.0,2.0,1
3500.0,7.89,33800.0,20.95,10,16.0,21.5,0.0,4.0,0
18000.0,11.53,70000.0,13.65,4,11.0,70.8,0.0,0.0,0
4200.0,8.18,60000.0,11.1,10,9.0,26.4,0.0,0.0,0
7225.0,19.99,85000.0,8.87,1,9.0,15.0,1.0,1.0,0
3800.0,8.18,30000.0,2.64,10,12.0,6.6,0.0,0.0,0
5000.0,10.99,64000.0,31.11,10,9.0,85.0,1.0,0.0,1
30000.0,14.65,110000.0,29.64,10,16.0,97.9,0.0,0.0,0
8000.0,10.64,42000.0,30.51,4,10.0,10.4,0.0,0.0,1
3200.0,12.59,35000.0,13.48,1,13.0,18.7,0.0,0.0,0
13000.0,5.32,75000.0,19.62,8,10.0,9.3,0.0,0.0,0
9600.0,9.17,71000.0,15.99,10,15.0,50.0,0.0,0.0,0
20000.0,9.17,200000.0,4.82,3,5.0,99.5,0.0,0.0,0
7550.0,17.86,50000.0,12.87,2,16.0,58.5,0.0,2.0,0
21000.0,9.99,96000.0,18.13,10,6.0,37.1,1.0,0.0,0
8000.0,7.89,38000.0,16.62,0,7.0,30.0,0.0,4.0,0
5000.0,12.05,50000.0,6.82,4,6.0,62.8,1.0,0.0,1
28000.0,5.32,150000.0,14.17,1,13.0,76.3,0.0,0.0,0
21000.0,18.2,54900.0,14.78,3,9.0,18.6,0.0,0.0,1
20400.0,6.24,55000.0,13.22,0,10.0,43.3,0.0,0.0,0
28000.0,5.32,282586.0,1.98,4,8.0,78.9,0.0,0.0,0
16000.0,9.99,72000.0,26.07,10,10.0,16.6,0.0,0.0,1
6500.0,6.92,70000.0,11.55,10,5.0,44.4,0.0,0.0,0
15000.0,16.99,80000.0,36.17,3,8.0,7.0,0.0,0.0,0
8800.0,13.33,50000.0,31.13,10,8.0,60.9,0.0,0.0,0
12000.0,11.53,55000.0,26.07,4,7.0,59.2,0.0,0.0,0
9600.0,9.76,80000.0,24.15,10,6.0,67.2,0.0,1.0,0
7000.0,9.17,80000.0,20.25,9,11.0,58.1,2.0,0.0,0
3125.0,7.89,47200.0,24.46,0,12.0,65.9,0.0,4.0,0
20000.0,6.89,60000.0,18.54,10,8.0,26.9,0.0,0.0,0
12000.0,13.99,54000.0,27.27,10,10.0,48.2,0.0,0.0,0
20000.0,15.61,65000.0,33.42,7,16.0,60.0,0.0,0.0,0
5000.0,11.53,65000.0,29.1,10,7.0,79.9,1.0,0.0,0
14800.0,18.25,85000.0,26.1,7,17.0,71.0,0.0,0.0,0
11200.0,12.69,50000.0,35.74,6,21.0,44.3,0.0,0.0,0
4850.0,16.99,53000.0,26.49,10,8.0,95.8,0.0,0.0,0
5600.0,7.89,74000.0,10.69,10,13.0,7.8,0.0,0.0,0
20000.0,9.99,55000.0,15.62,6,8.0,15.6,1.0,0.0,1
15000.0,7.89,105000.0,11.89,3,13.0,31.7,0.0,1.0,0
9000.0,7.26,100000.0,15.3,4,9.0,26.1,0.0,0.0,0
10000.0,9.99,72000.0,23.26,6,27.0,15.1,0.0,2.0,0
15000.0,13.99,35000.0,22.19,3,12.0,41.9,1.0,0.0,0
1300.0,13.18,36000.0,18.13,1,6.0,67.1,0.0,0.0,0
12000.0,9.17,27000.0,17.6,2,7.0,86.4,0.0,0.0,0
15000.0,15.61,110000.0,9.64,2,13.0,14.0,0.0,2.0,0
28000.0,10.99,72000.0,29.3,4,13.0,79.5,0.0,0.0,0
6000.0,6.24,37000.0,10.39,2,11.0,28.8,0.0,0.0,0
8500.0,12.69,55000.0,21.54,3,12.0,87.6,0.0,0.0,0
3250.0,9.17,32000.0,25.13,10,6.0,42.5,0.0,0.0,0
10000.0,9.17,132000.0,11.94,10,14.0,85.9,0.0,0.0,1
15000.0,9.17,50000.0,6.75,10,7.0,67.9,0.0,0.0,0
25000.0,8.18,120000.0,14.35,1,9.0,81.5,0.0,1.0,0
5000.0,9.99,55000.0,20.18,8,16.0,34.6,0.0,0.0,0
15000.0,6.92,90000.0,21.53,5,7.0,56.5,0.0,0.0,0
17000.0,21.99,42000.0,29.75,5,13.0,33.4,0.0,0.0,1
12600.0,12.69,40000.0,21.99,3,10.0,39.0,0.0,0.0,0
20000.0,18.25,127500.0,15.81,2,13.0,47.6,2.0,1.0,0
3000.0,13.99,65000.0,12.15,0,8.0,38.0,1.0,0.0,0
10000.0,6.39,53000.0,29.42,3,8.0,62.3,0.0,0.0,0
21600.0,9.99,105000.0,12.96,10,9.0,79.5,0.0,0.0,0
10000.0,9.17,60000.0,17.42,10,22.0,43.1,0.0,0.0,0
18000.0,19.99,52000.0,34.99,2,15.0,28.1,0.0,0.0,1
8000.0,9.17,60000.0,24.72,2,22.0,24.4,0.0,0.0,0
11000.0,8.38,100000.0,16.76,10,14.0,46.0,0.0,0.0,0
18000.0,9.17,95000.0,16.11,8,10.0,77.9,0.0,0.0,0
7200.0,18.25,24000.0,21.59,0,9.0,71.2,0.0,0.0,1
20000.0,7.89,140000.0,20.42,0,12.0,47.2,0.0,0.0,0
7650.0,6.24,97500.0,15.14,10,7.0,31.9,0.0,0.0,0
4800.0,6.89,40000.0,27.09,10,21.0,9.5,0.0,0.0,1
10000.0,7.89,75000.0,13.03,1,13.0,64.9,0.0,0.0,0
10000.0,9.17,65000.0,18.87,7,9.0,52.2,1.0,0.0,0
11850.0,13.99,41466.39,13.89,10,9.0,38.5,1.0,1.0,0
28000.0,7.89,83000.0,19.66,1,9.0,75.0,0.0,0.0,0
10000.0,13.33,124000.0,10.58,1,18.0,39.2,1.0,0.0,0
12000.0,6.92,91000.0,14.06,10,22.0,11.2,0.0,0.0,0
15000.0,16.55,47404.0,30.08,3,18.0,87.4,0.0,0.0,0
21000.0,13.67,65000.0,23.89,10,17.0,60.7,1.0,0.0,0
3600.0,9.99,45000.0,21.12,2,20.0,40.3,1.0,0.0,0
16000.0,12.59,150000.0,17.26,9,12.0,56.8,0.0,0.0,0
12800.0,8.18,117000.0,38.54,8,18.0,69.6,0.0,0.0,0
15500.0,7.89,140000.0,19.12,3,13.0,8.9,0.0,0.0,1
20000.0,9.99,130000.0,6.67,8,19.0,63.4,1.0,0.0,0
5000.0,13.33,21000.0,7.09,0,12.0,87.0,0.0,0.0,0
20000.0,6.68,62400.0,16.65,10,12.0,43.8,0.0,0.0,0
10000.0,6.92,45000.0,29.73,0,17.0,28.3,0.0,0.0,0
9600.0,12.29,42000.0,26.11,10,8.0,35.4,1.0,0.0,0
30000.0,12.29,250000.0,7.85,0,9.0,66.4,2.0,1.0,0
10000.0,14.33,64500.0,31.31,5,11.0,40.8,0.0,0.0,1
12000.0,8.18,60000.0,19.16,5,4.0,73.3,0.0,0.0,0
16000.0,11.99,75000.0,12.43,0,20.0,48.0,2.0,0.0,1
8000.0,9.17,40000.0,9.32,2,7.0,56.0,0.0,0.0,0
5000.0,12.29,60000.0,13.12,6,10.0,62.2,0.0,0.0,1
8850.0,12.29,147172.0,8.56,8,11.0,44.7,0.0,0.0,0
8400.0,6.24,70000.0,21.64,2,20.0,10.6,0.0,0.0,0
10000.0,13.33,85000.0,16.93,10,11.0,65.2,1.0,1.0,0
7000.0,10.64,75000.0,4.8,10,7.0,40.6,0.0,0.0,0
12825.0,13.99,44000.0,29.6,10,15.0,65.3,0.0,0.0,0
35000.0,9.17,275000.0,13.82,1,10.0,70.9,0.0,0.0,0
10000.0,5.32,140000.0,8.41,3,12.0,28.3,0.0,0.0,0
11950.0,25.99,55000.0,31.62,8,15.0,50.1,1.0,0.0,1
12000.0,13.99,75000.0,15.06,7,25.0,59.7,0.0,0.0,0
25000.0,13.33,125000.0,3.15,10,4.0,54.0,0.0,1.0,0
12000.0,14.33,42500.0,31.01,0,10.0,68.7,0.0,0.0,1
14825.0,12.69,50596.0,22.94,8,10.0,77.6,0.0,0.0,0
13000.0,12.69,40000.0,16.2,7,10.0,78.7,0.0,1.0,0
15000.0,16.99,134000.0,22.02,10,22.0,30.8,0.0,0.0,1
14400.0,14.33,65000.0,19.46,1,16.0,21.2,0.0,3.0,0
8000.0,9.17,110000.0,18.96,10,12.0,89.1,0.0,0.0,0
9000.0,12.29,27000.0,12.93,7,11.0,45.2,0.0,0.0,1
9800.0,8.18,72000.0,36.83,3,15.0,20.5,0.0,1.0,0
15000.0,8.18,90000.0,16.19,10,24.0,32.1,0.0,2.0,1
10150.0,10.99,44035.0,18.29,7,5.0,43.5,0.0,0.0,0
35000.0,17.57,125000.0,25.34,4,12.0,29.2,0.0,0.0,0
6000.0,13.33,64400.0,31.51,2,15.0,36.0,0.0,3.0,0
18475.0,18.25,42000.0,21.74,10,5.0,97.9,0.0,0.0,1
7000.0,14.33,23000.0,35.28,2,12.0,13.9,0.0,0.0,1
6800.0,7.26,69000.0,12.83,10,7.0,33.5,0.0,1.0,0
6000.0,11.53,41350.0,15.36,10,7.0,29.0,1.0,2.0,0
5900.0,9.17,98000.0,29.03,7,24.0,27.0,0.0,0.0,0
30000.0,12.88,72000.0,22.89,3,14.0,74.3,0.0,0.0,0
2000.0,13.99,50000.0,11.19,3,8.0,65.6,0.0,1.0,1
3500.0,12.29,56400.0,24.0,2,17.0,91.2,1.0,0.0,1
26000.0,8.18,72000.0,19.53,1,9.0,23.3,0.0,0.0,0
4000.0,6.24,75000.0,17.63,6,14.0,11.1,0.0,0.0,0
28000.0,5.32,130000.0,9.53,0,11.0,20.6,0.0,0.0,0
12000.0,16.55,79000.0,16.25,10,18.0,60.3,1.0,1.0,1
21450.0,20.99,137000.0,11.55,0,21.0,29.7,1.0,0.0,1
11200.0,13.33,27000.0,13.02,4,3.0,5.5,0.0,0.0,0
26000.0,12.59,66000.0,20.25,4,11.0,52.8,0.0,0.0,0
20100.0,22.99,66000.0,22.87,10,16.0,63.0,1.0,0.0,0
12000.0,9.99,36000.0,9.07,10,8.0,44.8,0.0,0.0,0
2000.0,12.29,70000.0,5.01,10,8.0,18.4,0.0,2.0,0
8000.0,12.29,29000.0,10.31,3,3.0,92.1,0.0,0.0,0
17000.0,12.29,293300.0,19.02,10,19.0,86.6,0.0,0.0,0
5000.0,15.61,117800.0,16.35,10,20.0,59.3,1.0,0.0,1
25000.0,17.57,71200.0,23.65,10,14.0,79.7,0.0,0.0,0
20000.0,9.99,110000.0,6.45,10,12.0,73.0,2.0,0.0,0
5325.0,12.69,30000.0,26.04,1,19.0,22.4,0.0,0.0,0
4500.0,16.55,25000.0,24.1,6,15.0,55.4,0.0,0.0,1
35000.0,13.99,230000.0,9.8,10,10.0,55.7,2.0,0.0,0
24000.0,7.26,240000.0,6.68,8,12.0,57.2,0.0,0.0,0
30000.0,17.86,254800.0,19.03,7,19.0,52.1,0.0,1.0,0
8000.0,14.65,60000.0,29.01,5,9.0,27.0,0.0,0.0,0
7000.0,12.29,48814.27,28.6,10,12.0,54.4,0.0,0.0,0
6000.0,14.65,31000.0,9.14,1,9.0,35.8,0.0,0.0,0
28000.0,7.26,600000.0,5.99,10,32.0,19.7,0.0,0.0,0
30000.0,12.69,65000.0,27.97,10,8.0,84.3,1.0,0.0,0
26500.0,13.33,53000.0,31.79,0,19.0,63.8,0.0,0.0,0
15000.0,11.53,54000.0,30.02,0,21.0,59.3,0.0,0.0,0
6000.0,7.89,50000.0,29.55,8,13.0,31.7,1.0,0.0,0
17700.0,16.55,85000.0,31.27,10,19.0,41.3,0.0,0.0,1
10500.0,6.24,55000.0,7.64,0,8.0,58.2,0.0,0.0,0
7825.0,16.99,19600.0,37.49,0,9.0,65.5,0.0,0.0,0
3000.0,12.69,65000.0,20.05,10,7.0,39.0,0.0,0.0,0
21000.0,9.99,125000.0,11.71,0,8.0,72.8,0.0,0.0,0
7675.0,12.69,40000.0,33.81,8,11.0,34.2,0.0,0.0,0
35000.0,16.99,80000.0,16.76,1,15.0,60.0,0.0,0.0,1
16000.0,13.18,70000.0,19.13,3,20.0,20.5,0.0,0.0,0
12625.0,10.99,35100.0,14.91,1,5.0,96.8,0.0,0.0,0
3000.0,13.67,40000.0,37.35,1,8.0,99.1,0.0,0.0,1
12700.0,18.25,134000.0,14.54,10,12.0,54.3,0.0,0.0,0
20000.0,10.64,61000.0,27.05,9,14.0,78.4,0.0,0.0,0
9000.0,13.99,62000.0,23.58,1,10.0,63.8,0.0,0.0,0
10500.0,9.17,103000.0,18.02,10,11.0,95.5,0.0,0.0,0
15000.0,9.17,60000.0,13.22,10,10.0,50.3,1.0,1.0,0
20000.0,13.99,75000.0,29.98,9,11.0,34.6,0.0,0.0,1
18000.0,5.32,100000.0,27.91,10,22.0,8.9,0.0,0.0,0
11200.0,10.99,50000.0,9.07,0,7.0,88.6,0.0,0.0,1
5000.0,9.99,160000.0,20.82,2,21.0,43.5,0.0,8.0,1
12000.0,18.55,54000.0,18.93,10,12.0,45.8,0.0,0.0,1
35000.0,18.2,85000.0,7.01,3,14.0,17.2,0.0,0.0,1
3200.0,13.18,38000.0,5.27,7,6.0,42.1,1.0,0.0,0
16000.0,12.29,77000.0,22.75,8,13.0,51.0,0.0,1.0,0
24525.0,23.99,82500.0,17.85,2,11.0,29.4,0.0,1.0,0
3000.0,13.33,55000.0,25.13,2,11.0,84.6,0.0,0.0,0
12000.0,13.99,70000.0,24.5,5,16.0,87.8,0.0,0.0,0
20000.0,10.99,75000.0,16.03,10,7.0,67.8,0.0,0.0,0
25500.0,17.57,55485.0,26.22,10,10.0,80.2,0.0,0.0,0
14650.0,18.55,50200.0,17.33,10,9.0,75.0,0.0,0.0,0
12875.0,13.33,46700.0,17.27,10,7.0,73.4,3.0,0.0,0
27375.0,17.86,70000.0,20.38,10,13.0,112.8,0.0,0.0,1
11200.0,19.99,56000.0,27.41,10,17.0,77.3,0.0,1.0,1
6000.0,12.29,40000.0,14.07,2,10.0,29.1,0.0,0.0,0
25000.0,13.33,75000.0,9.07,1,10.0,33.3,0.0,0.0,0
35000.0,17.57,160000.0,16.89,10,23.0,32.7,1.0,0.0,0
35000.0,18.25,97000.0,7.14,7,6.0,5.1,0.0,0.0,0
13000.0,11.22,48000.0,27.02,2,13.0,29.1,0.0,0.0,0
8500.0,8.18,46000.0,36.29,10,27.0,19.5,0.0,0.0,0
15000.0,9.17,150000.0,5.79,0,5.0,57.0,1.0,0.0,0
8675.0,16.99,26000.0,25.07,7,14.0,41.1,0.0,1.0,0
10000.0,5.32,65000.0,19.61,2,13.0,60.2,0.0,0.0,0
35000.0,19.99,100000.0,17.21,8,10.0,85.0,0.0,0.0,0
13000.0,10.99,59853.0,15.38,8,9.0,69.5,0.0,1.0,0
24000.0,9.99,99300.0,14.6,7,9.0,72.0,0.0,0.0,0
20000.0,8.18,76000.0,15.52,8,6.0,21.4,0.0,0.0,0
10000.0,9.17,43000.0,29.56,10,10.0,72.3,0.0,0.0,0
16000.0,13.99,72000.0,9.57,10,12.0,83.4,0.0,0.0,0
16000.0,8.18,65000.0,15.4,8,11.0,23.7,0.0,0.0,0
18000.0,12.69,90000.0,28.77,10,12.0,87.7,0.0,0.0,1
28800.0,9.99,130000.0,24.82,3,20.0,65.3,0.0,0.0,1
10000.0,7.89,160000.0,3.07,8,12.0,13.4,1.0,0.0,0
10000.0,10.99,30000.0,32.6,10,7.0,72.0,0.0,0.0,0
14400.0,10.64,80000.0,19.82,5,12.0,40.6,0.0,0.0,0
28000.0,7.89,120000.0,19.81,7,17.0,15.4,0.0,0.0,0
10000.0,9.17,70000.0,11.07,2,5.0,78.0,1.0,0.0,1
8000.0,9.76,40000.0,30.15,5,10.0,31.4,0.0,0.0,0
6500.0,11.53,45000.0,27.84,10,8.0,73.8,0.0,0.0,0
28000.0,5.32,110000.0,16.97,2,19.0,23.6,0.0,2.0,0
15000.0,13.33,45000.0,11.79,2,19.0,85.1,0.0,0.0,1
35000.0,7.89,100000.0,30.11,3,27.0,36.1,0.0,0.0,0
6000.0,12.69,28000.0,5.7,2,10.0,18.3,0.0,1.0,0
5000.0,9.99,26019.77,14.02,8,6.0,85.6,1.0,0.0,0
13025.0,14.65,65000.0,23.71,3,10.0,55.8,0.0,0.0,0
14000.0,16.55,36000.0,30.23,2,6.0,53.0,1.0,2.0,0
19200.0,11.49,180000.0,31.74,10,22.0,78.7,0.0,0.0,0
6000.0,7.26,52000.0,15.07,10,6.0,25.9,0.0,0.0,0
10000.0,12.69,56160.0,23.66,8,25.0,50.2,0.0,0.0,0
6050.0,13.99,30000.0,8.08,0,7.0,68.0,1.0,0.0,1
12000.0,10.99,62000.0,34.89,6,36.0,48.7,0.0,0.0,0
10000.0,5.32,100000.0,8.56,0,15.0,5.9,0.0,0.0,0
15000.0,5.32,55000.0,26.14,10,14.0,46.1,1.0,0.0,0
12000.0,9.99,87000.0,19.92,5,20.0,61.3,0.0,0.0,0
28000.0,21.99,81000.0,19.13,4,13.0,77.3,0.0,1.0,0
4000.0,16.55,45000.0,29.79,3,7.0,80.0,0.0,0.0,0
16800.0,15.61,38000.0,10.14,10,16.0,34.5,1.0,0.0,1
2500.0,15.61,45000.0,20.45,2,22.0,41.3,0.0,0.0,0
17750.0,18.55,68000.0,34.47,10,7.0,39.2,1.0,0.0,0
15000.0,6.92,85000.0,22.07,10,28.0,33.8,0.0,0.0,0
12000.0,12.69,85000.0,32.27,10,15.0,44.4,1.0,0.0,0
9000.0,13.99,25000.0,27.32,4,6.0,89.3,0.0,0.0,0
4900.0,16.99,45000.0,13.55,8,12.0,30.0,3.0,0.0,0
18000.0,9.17,99000.0,26.15,10,10.0,84.8,0.0,0.0,0
6000.0,10.99,58000.0,26.84,10,13.0,51.7,1.0,0.0,0
22400.0,8.18,112000.0,14.95,2,17.0,47.2,0.0,0.0,0
4500.0,16.99,55000.0,31.97,0,7.0,69.1,0.0,0.0,0
15000.0,12.29,72072.0,13.22,8,16.0,54.6,0.0,0.0,0
8000.0,15.61,45000.0,16.13,5,10.0,46.9,0.0,0.0,0
12000.0,15.61,67255.0,33.65,10,19.0,53.0,0.0,1.0,1
3500.0,9.99,55000.0,12.79,2,8.0,13.7,0.0,0.0,0
16000.0,18.49,78000.0,16.54,10,19.0,80.0,0.0,0.0,1
25000.0,9.99,82764.0,11.69,2,5.0,77.3,0.0,0.0,0
14400.0,13.33,56000.0,38.15,10,16.0,77.3,0.0,0.0,0
13000.0,11.53,44720.0,27.51,3,7.0,31.7,0.0,0.0,0
15000.0,21.99,80000.0,17.42,9,7.0,57.0,1.0,0.0,0
21000.0,15.61,115000.0,15.05,6,7.0,53.7,1.0,1.0,1
6000.0,15.61,28000.0,20.92,6,10.0,32.0,0.0,0.0,0
30000.0,10.99,120000.0,14.34,2,6.0,67.5,0.0,0.0,0
9600.0,8.18,55000.0,33.8,7,13.0,25.7,0.0,0.0,0
10000.0,14.65,43000.0,30.23,1,7.0,80.2,0.0,0.0,1
30000.0,6.89,280000.0,7.4,9,4.0,77.6,0.0,0.0,0
12400.0,12.69,67600.0,19.49,2,8.0,34.3,0.0,0.0,0
16000.0,5.32,55000.0,18.12,7,7.0,43.5,0.0,0.0,0
19300.0,15.61,114000.0,3.37,10,9.0,44.7,0.0,0.0,0
15450.0,13.33,55000.0,28.58,7,14.0,71.5,0.0,0.0,0
10000.0,12.29,150000.0,14.32,0,18.0,66.9,2.0,0.0,0
24000.0,9.17,100000.0,15.13,1,17.0,31.1,0.0,0.0,0
20000.0,7.26,132000.0,11.6,5,7.0,77.9,0.0,0.0,0
20000.0,10.99,77000.0,34.26,8,9.0,44.2,0.0,0.0,0
6725.0,17.57,32000.0,38.9,1,22.0,34.1,0.0,0.0,1
21000.0,17.86,100000.0,23.67,10,15.0,78.4,0.0,0.0,1
11000.0,15.61,40000.0,35.94,0,10.0,74.1,0.0,0.0,0
20000.0,8.18,55000.0,22.41,1,10.0,59.1,0.0,0.0,0
7000.0,8.18,35000.0,31.04,10,10.0,88.0,0.0,0.0,0
20000.0,6.24,89400.0,3.58,10,6.0,31.5,0.0,0.0,0
15000.0,12.69,37000.0,24.49,0,11.0,39.5,1.0,0.0,1
22000.0,13.99,47000.0,29.14,1,25.0,52.8,0.0,0.0,0
35000.0,7.89,1100000.0,6.1,9,12.0,54.2,0.0,0.0,0
8550.0,9.17,40500.0,30.09,0,10.0,35.3,0.0,4.0,0
3600.0,13.18,33280.0,22.9,0,18.0,27.7,0.0,0.0,1
12000.0,15.61,130000.0,9.95,0,7.0,88.2,0.0,0.0,0
6000.0,10.99,30000.0,10.24,4,10.0,29.9,0.0,0.0,0
35000.0,14.65,105000.0,25.89,10,14.0,44.6,0.0,0.0,0
9800.0,7.89,42000.0,34.06,10,12.0,53.5,0.0,0.0,1
4550.0,14.65,30000.0,17.4,10,8.0,34.0,2.0,0.0,1
10000.0,9.99,94000.0,32.4,10,10.0,33.8,2.0,0.0,0
8000.0,11.53,20000.0,6.12,1,9.0,16.6,1.0,0.0,0
2400.0,10.64,41000.0,16.58,7,4.0,93.2,0.0,0.0,0
25000.0,10.99,100000.0,24.34,10,9.0,86.5,0.0,0.0,0
11200.0,8.38,157000.0,6.96,5,7.0,91.1,0.0,0.0,0
18000.0,9.99,75000.0,18.07,2,34.0,54.2,0.0,0.0,0
35000.0,9.99,121000.0,31.56,10,10.0,50.1,0.0,1.0,0
27000.0,11.99,94000.0,13.61,10,13.0,42.6,0.0,4.0,0
15000.0,13.18,90000.0,3.55,10,6.0,33.4,1.0,0.0,0
3000.0,12.69,86000.0,18.89,3,8.0,39.7,0.0,0.0,0
8000.0,5.32,200000.0,29.04,10,27.0,86.7,0.0,0.0,0
8000.0,11.49,75000.0,19.87,7,8.0,94.2,0.0,0.0,0
8000.0,13.33,27000.0,7.2,0,5.0,54.7,1.0,1.0,1
4200.0,13.33,34000.0,22.17,4,8.0,34.6,1.0,0.0,0
25000.0,16.55,100000.0,31.98,0,40.0,47.7,0.0,0.0,0
10000.0,10.99,224000.0,9.24,1,9.0,75.3,0.0,1.0,0
35000.0,8.18,510000.0,12.21,2,18.0,57.7,0.0,0.0,0
6000.0,13.99,65000.0,23.49,7,19.0,40.0,0.0,0.0,0
20000.0,6.24,65000.0,15.41,8,9.0,32.9,0.0,0.0,0
2400.0,12.29,40000.0,30.81,1,8.0,75.0,0.0,0.0,0
12000.0,8.18,72000.0,11.08,2,10.0,42.6,0.0,0.0,0
11450.0,16.55,30000.0,26.04,10,15.0,48.4,0.0,0.0,0
30000.0,18.25,130000.0,12.3,1,8.0,21.9,1.0,0.0,0
20000.0,7.89,145000.0,13.61,10,21.0,24.0,1.0,0.0,0
20000.0,17.57,100000.0,18.07,10,9.0,55.9,0.0,1.0,0
30000.0,7.89,80000.0,19.77,10,12.0,84.3,0.0,0.0,0
10000.0,12.29,40000.0,6.3,5,8.0,43.5,0.0,1.0,1
7975.0,13.99,84000.0,10.14,8,20.0,53.7,2.0,0.0,1
24000.0,13.33,103000.0,21.65,2,21.0,57.9,0.0,0.0,1
2500.0,9.99,105960.0,13.93,2,8.0,76.7,0.0,0.0,0
6000.0,9.99,48000.0,32.15,10,7.0,53.4,0.0,0.0,0
10000.0,5.32,69113.0,0.46,10,3.0,0.3,0.0,0.0,0
20000.0,12.59,75000.0,21.34,10,13.0,44.0,1.0,0.0,0
12000.0,18.55,53040.0,21.02,5,8.0,77.6,1.0,0.0,0
5000.0,9.99,74000.0,35.74,6,11.0,90.3,0.0,0.0,0
11000.0,7.89,70000.0,17.21,10,7.0,57.0,0.0,0.0,0
20000.0,12.69,140000.0,14.19,5,12.0,71.6,0.0,1.0,0
35000.0,12.69,195000.0,8.71,3,13.0,65.0,0.0,0.0,0
9000.0,5.32,76000.0,10.33,10,10.0,43.1,0.0,0.0,0
12000.0,5.32,71100.0,21.4,8,15.0,60.5,0.0,0.0,0
5300.0,13.33,50000.0,5.52,0,7.0,78.8,0.0,0.0,0
35000.0,15.41,104000.0,19.72,10,16.0,69.8,0.0,0.0,0
24000.0,12.69,80500.0,30.73,8,25.0,73.8,0.0,0.0,0
12000.0,13.33,94000.0,23.37,4,30.0,21.7,0.0,0.0,0
4000.0,18.25,31000.0,19.2,2,7.0,27.3,1.0,1.0,1
7800.0,6.89,90000.0,13.48,0,7.0,40.4,0.0,0.0,0
35000.0,8.18,112500.0,25.18,1,20.0,67.8,0.0,0.0,0
33250.0,11.22,130977.0,22.45,10,16.0,93.6,0.0,1.0,0
12000.0,10.99,46151.0,16.38,5,8.0,57.5,0.0,0.0,0
15000.0,12.59,42000.0,32.43,10,6.0,48.7,1.0,0.0,1
18000.0,7.26,70000.0,16.64,10,8.0,55.9,0.0,0.0,0
17000.0,7.26,125000.0,11.9,3,8.0,59.9,0.0,0.0,0
23000.0,7.89,55000.0,24.63,3,17.0,47.7,0.0,0.0,0
15000.0,12.29,106500.0,26.03,10,14.0,58.0,1.0,1.0,1
8000.0,13.99,43000.0,11.39,0,10.0,53.8,2.0,0.0,0
10000.0,12.05,50000.0,20.88,1,14.0,15.3,3.0,0.0,1
6075.0,18.25,41000.0,3.34,7,6.0,69.9,1.0,0.0,0
11200.0,12.69,117000.0,20.09,3,21.0,76.9,0.0,0.0,0
10000.0,7.26,60000.0,6.84,10,20.0,9.8,0.0,0.0,0
12500.0,5.32,47000.0,29.42,4,20.0,54.9,0.0,0.0,0
9100.0,23.99,26000.0,33.98,1,28.0,68.1,0.0,0.0,1
24300.0,16.99,54000.0,34.0,6,14.0,84.0,0.0,0.0,0
8000.0,7.26,76378.0,19.74,1,4.0,86.5,0.0,0.0,0
10000.0,10.99,65000.0,36.36,10,24.0,57.8,0.0,0.0,0
2575.0,17.86,45000.0,15.3,1,4.0,66.3,0.0,0.0,0
19200.0,16.99,120000.0,11.56,0,15.0,41.9,1.0,0.0,0
20000.0,13.33,68598.0,31.53,6,17.0,67.8,0.0,0.0,0
18000.0,7.26,100000.0,12.17,6,12.0,24.1,0.0,1.0,0
18000.0,16.99,68500.0,15.38,7,15.0,47.1,0.0,0.0,0
13000.0,7.89,104000.0,7.43,10,7.0,46.0,0.0,1.0,0
5600.0,15.61,30000.0,16.08,10,3.0,91.7,0.0,0.0,0
15000.0,13.33,124000.0,10.18,10,13.0,64.5,0.0,3.0,0
26075.0,9.17,87402.0,29.48,10,15.0,43.7,0.0,0.0,0
14125.0,6.92,45000.0,30.29,8,27.0,39.3,0.0,0.0,0
11200.0,9.17,60000.0,22.22,10,15.0,62.2,1.0,0.0,0
26000.0,19.19,60000.0,15.98,10,6.0,65.8,0.0,0.0,1
14600.0,18.55,52700.0,22.25,5,8.0,73.4,1.0,0.0,0
4000.0,14.48,47900.0,31.09,10,10.0,57.1,0.0,0.0,0
8000.0,9.17,183960.0,17.16,5,17.0,38.4,0.0,0.0,0
15950.0,13.99,90000.0,19.16,10,14.0,48.5,0.0,0.0,0
18000.0,11.49,90000.0,6.2,0,7.0,61.0,0.0,0.0,0
10000.0,14.65,43000.0,25.4,3,18.0,50.0,1.0,1.0,0
20000.0,17.86,50000.0,27.17,2,16.0,57.7,0.0,0.0,0
3000.0,7.89,102000.0,7.85,10,12.0,53.8,0.0,1.0,1
20000.0,7.26,105000.0,23.25,4,9.0,65.3,0.0,0.0,0
18000.0,8.18,85000.0,17.11,0,18.0,32.0,0.0,0.0,0
21200.0,16.55,120000.0,13.79,2,18.0,64.7,4.0,0.0,0
12600.0,19.19,72000.0,19.98,3,11.0,37.9,1.0,0.0,0
16000.0,13.99,80000.0,11.57,10,7.0,77.9,0.0,0.0,0
28000.0,7.89,143000.0,18.02,10,10.0,70.0,0.0,0.0,0
8000.0,11.53,37000.0,13.33,9,17.0,73.3,0.0,0.0,0
5000.0,13.33,114000.0,9.64,5,12.0,60.5,0.0,0.0,0
7200.0,6.24,40000.0,13.68,2,15.0,30.4,0.0,0.0,0
5550.0,16.55,54600.0,7.47,10,5.0,51.5,1.0,0.0,0
9000.0,10.99,28000.0,24.26,1,13.0,38.9,0.0,1.0,0
18000.0,6.89,67000.0,11.99,1,10.0,81.6,0.0,0.0,0
10000.0,7.89,30000.0,4.76,7,7.0,15.9,1.0,0.0,0
6000.0,12.05,26000.0,27.61,5,4.0,62.7,0.0,1.0,0
10000.0,9.99,76000.0,11.76,0,9.0,56.9,0.0,1.0,0
15000.0,9.17,85000.0,9.02,1,9.0,61.8,0.0,1.0,0
13350.0,25.57,45000.0,11.52,2,6.0,52.6,1.0,0.0,0
4800.0,14.85,19500.0,5.23,0,6.0,8.8,0.0,0.0,0
7000.0,9.99,56060.0,25.09,10,12.0,15.1,0.0,0.0,0
12000.0,8.18,30000.0,27.16,4,8.0,65.9,0.0,1.0,0
12000.0,14.65,156000.0,13.62,8,9.0,59.6,0.0,0.0,0
8000.0,5.32,105000.0,16.95,10,14.0,10.4,0.0,1.0,0
20000.0,13.99,43000.0,35.55,2,9.0,77.2,0.0,0.0,0
10000.0,11.22,68000.0,17.18,10,9.0,49.2,1.0,1.0,0
10000.0,7.89,61000.0,7.91,2,9.0,73.7,0.0,0.0,0
15000.0,7.89,60000.0,16.76,1,15.0,26.4,1.0,1.0,0
20000.0,13.99,79000.0,26.89,10,13.0,64.5,0.0,0.0,1
14400.0,11.53,106000.0,15.22,8,13.0,76.4,0.0,1.0,0
30000.0,11.53,120000.0,10.08,10,11.0,71.5,0.0,0.0,0
9000.0,8.18,72000.0,10.27,10,11.0,4.6,1.0,0.0,0
6400.0,6.24,40000.0,18.99,3,27.0,12.3,0.0,0.0,0
20000.0,13.33,52000.0,3.23,10,10.0,32.6,1.0,1.0,0
32500.0,17.86,92000.0,20.9,7,8.0,84.3,0.0,0.0,0
13000.0,10.99,45000.0,25.39,9,10.0,74.7,0.0,0.0,0
25000.0,9.17,85000.0,12.42,10,5.0,87.2,0.0,0.0,0
11000.0,13.67,110000.0,15.52,10,24.0,16.3,0.0,0.0,1
15000.0,13.99,50468.8,22.66,0,7.0,43.6,0.0,0.0,0
13000.0,13.99,50000.0,16.92,10,15.0,56.0,1.0,0.0,0
1000.0,13.67,105000.0,22.65,10,33.0,18.9,0.0,2.0,0
5000.0,11.53,47000.0,25.61,3,19.0,39.6,0.0,1.0,0
8000.0,7.26,60000.0,22.74,8,17.0,28.3,0.0,1.0,0
8000.0,12.69,37500.0,23.2,10,4.0,50.7,0.0,0.0,1
10000.0,15.61,110000.0,4.75,7,10.0,31.6,0.0,1.0,0
6000.0,5.32,54412.8,18.5,10,15.0,10.0,0.0,0.0,0
13300.0,12.29,60000.0,23.5,10,7.0,56.9,0.0,0.0,0
34650.0,14.65,77000.0,31.7,7,15.0,87.0,0.0,0.0,0
18000.0,13.99,65000.0,11.47,2,12.0,54.2,0.0,0.0,0
20000.0,9.17,140000.0,20.49,1,23.0,51.6,0.0,0.0,0
10000.0,15.61,61200.0,24.16,3,10.0,45.1,0.0,1.0,0
7500.0,8.18,42700.0,18.94,7,4.0,35.0,1.0,0.0,0
15000.0,11.53,85000.0,18.15,10,18.0,58.5,0.0,0.0,0
20000.0,14.33,50000.0,10.63,10,5.0,80.1,0.0,0.0,1
12000.0,11.53,70000.0,11.01,5,8.0,95.9,0.0,0.0,0
24000.0,6.24,115000.0,10.84,10,4.0,6.6,0.0,0.0,1
2000.0,7.89,45000.0,29.12,10,17.0,42.1,0.0,1.0,1
35000.0,23.99,92000.0,11.1,10,12.0,73.1,0.0,1.0,0
14000.0,12.29,83870.0,13.15,5,7.0,78.7,0.0,0.0,0
12000.0,5.32,86000.0,19.9,10,12.0,18.1,2.0,0.0,0
4000.0,13.99,24000.0,18.55,0,14.0,89.4,0.0,0.0,0
35000.0,7.89,90000.0,15.53,1,4.0,96.8,0.0,0.0,0
25000.0,13.99,71000.0,13.27,5,11.0,31.0,0.0,0.0,0
7325.0,15.61,55000.0,25.01,10,9.0,47.6,0.0,0.0,0
17000.0,8.18,37000.0,20.4,10,11.0,32.7,0.0,0.0,0
21000.0,9.99,83000.0,22.59,0,10.0,71.1,1.0,0.0,1
6400.0,12.29,47759.0,24.21,4,4.0,100.2,0.0,0.0,0
7975.0,11.49,69000.0,5.23,10,14.0,39.4,1.0,0.0,0
7000.0,6.89,75000.0,26.29,8,7.0,45.9,0.0,0.0,0
18000.0,6.24,40000.0,33.63,4,6.0,93.6,0.0,0.0,0
13450.0,7.89,50000.0,12.74,10,21.0,20.5,0.0,0.0,1
5600.0,13.99,49171.0,21.63,5,18.0,32.9,1.0,0.0,0
15000.0,9.99,50000.0,5.11,6,10.0,45.7,0.0,0.0,0
18700.0,16.99,55000.0,20.73,0,19.0,73.2,0.0,0.0,0
19875.0,12.29,49100.0,31.76,1,15.0,63.9,0.0,0.0,0
24000.0,11.53,130000.0,15.23,4,9.0,62.0,0.0,0.0,1
21000.0,13.33,175000.0,11.92,2,19.0,80.9,0.0,0.0,0
18000.0,10.99,44000.0,37.51,10,22.0,38.0,0.0,0.0,0
15600.0,8.18,58000.0,21.73,10,21.0,46.6,0.0,1.0,0
8400.0,7.89,26000.0,17.13,4,7.0,61.4,0.0,0.0,0
1600.0,11.99,16000.0,18.15,4,3.0,9.4,0.0,0.0,0
6000.0,12.29,22880.0,32.32,0,8.0,22.3,0.0,0.0,1
15000.0,6.92,90000.0,13.21,6,19.0,16.0,0.0,0.0,0
6000.0,16.55,43000.0,15.76,2,5.0,63.1,0.0,0.0,0
30000.0,16.55,72000.0,1.92,3,3.0,26.6,0.0,1.0,0
15000.0,13.33,35000.0,29.29,2,9.0,42.9,0.0,0.0,1
2300.0,18.2,32000.0,27.83,8,6.0,43.0,0.0,2.0,0
15000.0,10.99,60000.0,9.02,2,6.0,51.1,0.0,0.0,0
10000.0,7.89,75000.0,32.3,10,20.0,22.7,0.0,3.0,0
15000.0,9.17,120000.0,20.8,3,18.0,47.1,4.0,2.0,1
5000.0,14.48,27500.0,35.53,3,18.0,32.1,0.0,1.0,1
16000.0,18.25,98000.0,24.05,0,9.0,47.6,0.0,0.0,0
25000.0,12.29,147000.0,10.37,10,4.0,87.7,1.0,1.0,0
12000.0,12.88,52000.0,5.75,8,7.0,38.0,0.0,0.0,0
6000.0,12.69,56000.0,36.41,10,26.0,49.5,1.0,0.0,1
15000.0,12.29,105000.0,8.21,7,11.0,53.8,0.0,1.0,0
35000.0,15.41,111768.0,17.26,8,11.0,55.1,0.0,1.0,0
10000.0,8.18,43190.0,7.86,7,8.0,42.0,0.0,1.0,0
10200.0,13.18,65000.0,19.05,10,7.0,37.1,0.0,0.0,0
6000.0,9.17,50000.0,14.43,5,4.0,82.0,1.0,0.0,0
25000.0,13.99,135000.0,8.65,0,14.0,4.1,0.0,1.0,0
16000.0,11.99,52000.0,11.52,8,4.0,84.3,0.0,1.0,0
35000.0,12.69,108000.0,25.62,4,5.0,62.4,0.0,0.0,0
12000.0,16.55,70000.0,15.09,10,9.0,35.0,1.0,1.0,0
14000.0,10.64,120000.0,16.45,9,22.0,44.5,0.0,1.0,0
20000.0,11.53,67000.0,14.4,4,19.0,55.5,0.0,0.0,0
5000.0,12.29,39000.0,6.37,0,6.0,44.2,0.0,0.0,1
12250.0,8.18,69045.0,14.31,0,13.0,79.3,0.0,0.0,0
10825.0,20.99,70000.0,38.2,3,10.0,95.1,0.0,0.0,0
15000.0,13.33,46000.0,21.86,3,13.0,32.9,0.0,0.0,0
17500.0,15.41,35000.0,18.66,2,22.0,43.2,1.0,0.0,0
20000.0,17.57,115000.0,26.28,10,9.0,48.9,0.0,0.0,0
12800.0,9.17,72000.0,13.15,1,8.0,32.7,0.0,0.0,0
8500.0,13.33,72000.0,26.25,10,9.0,79.1,0.0,0.0,1
11200.0,14.65,44000.0,31.31,3,34.0,33.3,0.0,0.0,0
8400.0,11.53,122500.0,23.38,8,15.0,72.3,0.0,1.0,0
25000.0,26.77,100000.0,22.46,4,9.0,78.5,0.0,0.0,0
7525.0,18.25,21000.0,15.14,9,10.0,22.1,0.0,0.0,0
30000.0,20.99,62000.0,9.51,3,8.0,70.3,0.0,0.0,0
28000.0,16.99,80000.0,14.03,8,7.0,69.0,0.0,0.0,1
16000.0,9.17,48000.0,25.83,3,12.0,77.1,0.0,0.0,1
8000.0,8.18,36000.0,22.5,10,11.0,30.2,1.0,0.0,0
5000.0,9.17,25000.0,17.14,2,5.0,36.1,0.0,0.0,0
8000.0,9.99,80000.0,16.77,9,16.0,55.0,2.0,0.0,1
18000.0,12.29,69000.0,25.08,10,11.0,70.8,0.0,0.0,0
11200.0,12.29,81000.0,12.87,10,6.0,54.9,1.0,2.0,0
28000.0,22.45,98000.0,19.88,10,10.0,29.9,0.0,0.0,1
12000.0,9.99,42000.0,24.2,2,18.0,36.7,0.0,1.0,0
2000.0,15.61,14400.0,27.08,0,5.0,53.8,0.0,1.0,0
5000.0,12.69,103000.0,29.97,9,15.0,22.0,0.0,0.0,0
25200.0,13.33,85000.0,28.12,8,24.0,60.1,0.0,0.0,1
11000.0,6.39,90000.0,12.96,10,14.0,42.9,0.0,0.0,0
35000.0,18.55,80000.0,35.24,3,20.0,58.9,1.0,0.0,0
35000.0,12.69,115000.0,14.29,10,6.0,92.9,0.0,0.0,0
15000.0,13.33,85000.0,23.41,10,13.0,57.4,2.0,0.0,0
3000.0,14.65,54000.0,26.3,9,16.0,71.0,0.0,1.0,0
22000.0,12.69,101000.0,24.16,0,8.0,51.5,0.0,0.0,0
10000.0,15.61,40000.0,35.85,3,7.0,83.1,0.0,0.0,0
12000.0,9.17,35000.0,14.47,4,5.0,68.0,1.0,0.0,0
15000.0,12.69,80000.0,13.25,10,16.0,29.6,1.0,0.0,0
11000.0,8.18,61000.0,13.71,8,9.0,49.0,1.0,0.0,0
5000.0,12.69,19000.0,28.36,0,7.0,43.3,0.0,0.0,0
10000.0,11.53,90000.0,19.73,2,11.0,12.3,0.0,0.0,0
17000.0,5.32,95000.0,5.34,10,14.0,36.1,0.0,0.0,0
18800.0,13.99,47000.0,16.39,9,7.0,52.0,0.0,1.0,1
30000.0,18.2,108000.0,16.96,10,22.0,56.5,0.0,0.0,1
35000.0,8.18,110000.0,22.89,10,20.0,43.6,0.0,0.0,0
10000.0,12.59,50000.0,29.33,0,20.0,57.5,0.0,2.0,0
24000.0,12.69,150000.0,4.42,10,3.0,94.2,0.0,1.0,0
18000.0,6.89,110000.0,18.61,7,16.0,69.9,0.0,0.0,0
10000.0,11.53,94000.0,18.17,10,11.0,62.0,0.0,0.0,0
12000.0,7.89,44000.0,16.48,3,8.0,36.8,0.0,0.0,0
9500.0,13.99,35900.0,23.04,3,7.0,34.8,1.0,0.0,0
8000.0,9.17,33280.0,25.71,3,10.0,49.7,0.0,0.0,0
7800.0,19.99,26000.0,21.19,0,7.0,55.8,0.0,0.0,0
20000.0,5.32,160000.0,8.54,10,21.0,27.5,0.0,1.0,0
12000.0,13.33,73000.0,16.25,8,14.0,37.0,0.0,0.0,1
3500.0,11.22,56000.0,31.93,10,10.0,81.4,0.0,0.0,0
22425.0,9.17,51000.0,15.72,8,20.0,11.2,0.0,0.0,0
25000.0,10.99,117000.0,20.31,10,18.0,79.0,0.0,0.0,0
7000.0,9.17,45000.0,5.55,2,8.0,26.0,1.0,0.0,0
8000.0,10.99,30000.0,2.39,7,11.0,72.4,0.0,0.0,0
28000.0,6.24,150000.0,20.28,0,8.0,85.5,0.0,0.0,0
6025.0,13.33,32500.0,6.78,5,16.0,42.8,0.0,0.0,0
20000.0,9.99,220000.0,7.77,10,9.0,57.0,0.0,2.0,0
17500.0,9.99,130000.0,10.43,10,9.0,66.9,0.0,0.0,0
32000.0,13.99,82000.0,30.15,10,21.0,75.4,0.0,0.0,0
13000.0,7.89,53000.0,14.9,10,14.0,32.1,0.0,0.0,0
35000.0,12.59,121750.0,12.85,10,12.0,68.0,0.0,0.0,0
9000.0,5.32,65000.0,24.26,3,12.0,41.5,0.0,0.0,0
5000.0,12.59,75000.0,14.5,2,10.0,25.6,1.0,1.0,0
10000.0,19.99,42000.0,15.06,9,11.0,36.7,0.0,0.0,0
14000.0,15.61,90000.0,11.41,2,8.0,59.7,0.0,0.0,0
5000.0,9.17,125000.0,16.93,10,15.0,31.4,1.0,1.0,1
10000.0,8.18,101000.0,5.18,3,7.0,33.7,1.0,0.0,0
21600.0,14.65,98000.0,2.6,2,7.0,56.7,0.0,0.0,1
20000.0,6.89,95000.0,9.49,10,10.0,30.3,1.0,0.0,0
1200.0,13.99,25000.0,38.24,9,7.0,71.3,0.0,0.0,1
25000.0,7.26,150000.0,18.64,10,27.0,64.6,0.0,0.0,0
10000.0,14.65,138000.0,17.07,10,13.0,75.9,0.0,0.0,0
20000.0,15.61,87000.0,22.54,10,10.0,55.9,1.0,1.0,0
7000.0,12.59,65000.0,9.55,5,5.0,58.8,0.0,0.0,0
27875.0,7.89,62500.0,12.58,10,11.0,23.3,0.0,0.0,0
10700.0,21.99,28216.8,21.05,5,5.0,22.1,0.0,1.0,0
11200.0,7.26,36000.0,14.25,10,8.0,56.2,0.0,0.0,0
5700.0,14.65,45000.0,21.47,3,8.0,60.2,1.0,0.0,0
10000.0,11.53,100000.0,4.87,7,7.0,58.1,0.0,0.0,0
20000.0,7.89,57200.0,27.15,10,23.0,30.4,0.0,0.0,0
13500.0,5.32,102000.0,13.99,10,14.0,4.2,0.0,0.0,0
5000.0,9.99,45000.0,14.64,10,13.0,47.3,1.0,0.0,0
23375.0,18.55,70000.0,33.02,10,17.0,75.8,1.0,0.0,0
1800.0,13.99,60000.0,22.22,2,4.0,96.5,0.0,0.0,0
22825.0,11.53,205000.0,8.87,3,5.0,96.1,1.0,0.0,0
20000.0,13.99,160000.0,12.02,8,7.0,101.2,0.0,1.0,0
35000.0,11.22,250000.0,8.8,10,12.0,83.0,2.0,3.0,0
6250.0,9.17,45000.0,32.11,5,7.0,36.4,0.0,0.0,0
24000.0,14.48,150000.0,32.55,3,27.0,74.1,0.0,0.0,0
11200.0,6.68,67000.0,2.38,2,9.0,17.1,0.0,0.0,0
20000.0,5.32,130000.0,23.09,10,11.0,25.2,0.0,0.0,0
18000.0,16.55,98000.0,6.88,9,5.0,5.7,5.0,0.0,1
10000.0,7.89,44000.0,23.4,3,9.0,27.2,0.0,0.0,0
18000.0,17.57,80000.0,18.27,0,12.0,53.8,0.0,0.0,1
17000.0,20.99,45000.0,28.59,0,8.0,79.0,0.0,0.0,1
8000.0,9.17,65000.0,11.13,10,6.0,50.1,1.0,0.0,1
8000.0,16.55,40000.0,33.75,3,16.0,34.1,1.0,0.0,1
6000.0,8.18,92000.0,15.48,7,25.0,30.6,1.0,0.0,0
5000.0,8.18,84000.0,29.02,7,18.0,69.4,0.0,1.0,0
10000.0,6.92,57000.0,6.11,10,7.0,38.7,1.0,0.0,0
7200.0,12.59,43164.0,9.26,4,13.0,76.2,0.0,0.0,1
24000.0,6.89,120000.0,22.67,5,13.0,55.9,0.0,0.0,0
35000.0,12.29,250000.0,9.46,0,15.0,42.9,0.0,0.0,0
20000.0,7.26,250000.0,5.02,0,9.0,27.2,0.0,0.0,0
20000.0,7.89,110000.0,7.52,8,11.0,47.1,0.0,1.0,0
20800.0,5.32,400000.0,8.27,10,11.0,56.8,0.0,1.0,0
12500.0,6.49,160000.0,11.53,10,13.0,10.9,0.0,0.0,0
10075.0,13.99,62000.0,25.63,10,16.0,30.0,0.0,0.0,0
5000.0,16.99,80000.0,7.67,10,13.0,32.4,0.0,0.0,1
25000.0,13.33,50000.0,17.93,0,6.0,75.0,0.0,0.0,0
3200.0,13.99,29120.0,23.87,0,13.0,83.2,1.0,0.0,1
8000.0,12.29,45000.0,6.4,10,9.0,63.1,1.0,3.0,0
12000.0,9.17,72000.0,10.5,4,7.0,42.0,5.0,0.0,0
11500.0,8.18,53500.0,9.04,2,17.0,59.0,0.0,0.0,0
21000.0,13.33,122000.0,14.01,2,18.0,18.3,0.0,1.0,0
26000.0,13.99,82000.0,26.06,10,18.0,49.0,0.0,1.0,0
10000.0,12.69,75000.0,8.62,10,9.0,58.6,1.0,0.0,0
12000.0,9.99,50000.0,8.64,4,6.0,66.1,0.0,0.0,0
20000.0,17.86,65000.0,10.04,2,7.0,55.9,0.0,1.0,0
12000.0,9.99,56000.0,6.15,9,8.0,39.5,1.0,0.0,0
8000.0,9.99,60000.0,38.28,10,20.0,65.2,0.0,0.0,0
14000.0,19.19,90000.0,29.4,9,18.0,83.8,0.0,0.0,0
17000.0,18.25,85000.0,17.46,0,11.0,58.0,0.0,0.0,0
22475.0,17.57,74000.0,30.4,2,13.0,82.7,0.0,0.0,0
4000.0,10.99,38000.0,12.03,3,8.0,74.3,0.0,0.0,0
25475.0,13.33,85000.0,11.66,2,10.0,66.3,0.0,0.0,0
4800.0,13.33,20000.0,16.32,2,11.0,68.6,0.0,1.0,0
35000.0,18.25,160000.0,17.0,7,10.0,63.2,0.0,0.0,1
15000.0,13.99,52000.0,28.46,2,10.0,71.6,0.0,0.0,1
18000.0,11.53,110000.0,12.26,5,11.0,54.7,0.0,1.0,0
4000.0,15.61,95000.0,10.85,3,9.0,57.2,0.0,0.0,0
10800.0,18.99,50000.0,34.76,10,10.0,87.6,0.0,0.0,0
15000.0,6.92,50000.0,14.23,10,40.0,11.3,0.0,0.0,0
8000.0,6.92,45000.0,1.97,1,6.0,9.0,0.0,0.0,0
3000.0,12.69,36000.0,22.37,10,17.0,69.3,0.0,0.0,0
10000.0,13.18,72000.0,19.92,10,12.0,32.6,0.0,0.0,0
24000.0,8.18,180000.0,27.92,10,16.0,82.0,0.0,1.0,0
12675.0,18.25,63000.0,23.66,6,20.0,83.5,0.0,0.0,0
20000.0,13.99,75000.0,27.79,6,18.0,79.4,0.0,0.0,0
20000.0,7.89,77000.0,23.36,5,16.0,62.5,0.0,1.0,0
8000.0,14.65,46500.0,14.12,2,12.0,25.7,0.0,1.0,0
12000.0,9.17,85000.0,34.25,2,10.0,59.0,0.0,0.0,0
24275.0,19.99,66000.0,26.65,10,19.0,37.2,0.0,0.0,1
15000.0,9.17,51871.0,8.98,1,7.0,21.3,0.0,0.0,0
12000.0,6.92,70000.0,19.69,4,13.0,77.3,0.0,0.0,0
20000.0,10.99,50000.0,20.38,7,6.0,68.7,0.0,0.0,0
11200.0,7.89,44000.0,16.83,10,7.0,87.9,0.0,0.0,0
24000.0,7.89,82000.0,20.16,4,13.0,44.0,0.0,0.0,0
3575.0,11.53,56000.0,11.72,7,4.0,78.1,0.0,0.0,0
4000.0,14.65,56600.0,25.03,7,13.0,88.2,0.0,0.0,1
9425.0,12.29,34000.0,23.97,2,24.0,57.1,0.0,0.0,0
24525.0,25.8,56000.0,22.85,10,14.0,56.6,0.0,0.0,0
15125.0,15.61,76500.0,10.31,10,14.0,27.0,3.0,0.0,1
4000.0,15.61,32500.0,18.5,1,7.0,47.2,0.0,0.0,1
5000.0,7.89,22000.0,25.15,2,20.0,19.8,0.0,0.0,0
24000.0,6.89,85000.0,14.92,9,19.0,57.3,1.0,0.0,0
18000.0,14.48,143954.0,13.28,10,12.0,56.1,1.0,0.0,0
8000.0,11.53,56000.0,17.85,0,11.0,80.0,0.0,0.0,0
7000.0,7.89,62000.0,20.42,8,10.0,38.6,3.0,0.0,1
21000.0,13.99,105808.0,16.05,8,15.0,78.1,0.0,0.0,0
11950.0,14.65,34000.0,22.31,3,14.0,9.9,0.0,0.0,0
28800.0,15.61,60000.0,27.94,10,10.0,64.8,0.0,0.0,0
14000.0,12.29,103000.0,13.74,10,16.0,52.3,1.0,0.0,0
